dsld_id,brand_name,product_name,module,dimension,gross_positive_credit,dimension_cap,positive_headroom,penalties,total_penalty_amount,absorbed_amount,current_dimension_score,alternative_dimension_score,penalty_policy_class,absorption_attribution,current_raw_score,alternative_raw_score,current_final_score,alternative_final_score,public_score_delta,current_tier,alternative_tier,tier_movement,source_file
259304,Nature's Way,Barley Grass,fiber_digestive,transparency,11.0,10.0,1.0,"[{""absorbed_amount"":1.0,""amount"":2.0,""policy_class"":""never_absorbable_material_defect"",""type"":""B2_false_allergen_free_claim""}]",2.0,1.0,9.0,8.0,contains_never_absorbable_material_defect,single_penalty_exact,54.7,53.7,57.6,56.1,-1.5,Weak,Weak,none,scripts/products/output_Natures_Way_scored/scored/scored_cleaned_batch_1.json
259306,Nature's Way,Barley Grass Powder,fiber_digestive,transparency,11.0,10.0,1.0,"[{""absorbed_amount"":1.0,""amount"":2.0,""policy_class"":""never_absorbable_material_defect"",""type"":""B2_false_allergen_free_claim""}]",2.0,1.0,9.0,8.0,contains_never_absorbable_material_defect,single_penalty_exact,60.2,59.2,62.4,60.9,-1.5,Weak,Weak,none,scripts/products/output_Natures_Way_scored/scored/scored_cleaned_batch_1.json
241688,HUM,Glow Sweet Glow Tangerine,generic,transparency,11.0,10.0,1.0,"[{""absorbed_amount"":1.0,""amount"":2.0,""policy_class"":""never_absorbable_material_defect"",""type"":""B2_false_allergen_free_claim""}]",2.0,1.0,9.0,8.0,contains_never_absorbable_material_defect,single_penalty_exact,69.2,68.2,75.1,73.6,-1.5,Acceptable,Acceptable,none,scripts/products/output_Hum_scored/scored/scored_cleaned_batch_1.json
241692,HUM,Hair Sweet Hair Berry,generic,transparency,11.0,10.0,1.0,"[{""absorbed_amount"":1.0,""amount"":2.0,""policy_class"":""never_absorbable_material_defect"",""type"":""B2_false_allergen_free_claim""}]",2.0,1.0,9.0,8.0,contains_never_absorbable_material_defect,single_penalty_exact,65.5,64.5,72.1,70.6,-1.5,Acceptable,Acceptable,none,scripts/products/output_Hum_scored/scored/scored_cleaned_batch_1.json
242865,Nature's Way,Sambucus Original Syrup for Kids,generic,transparency,11.0,10.0,1.0,"[{""absorbed_amount"":1.0,""amount"":2.0,""policy_class"":""never_absorbable_material_defect"",""type"":""B2_false_allergen_free_claim""}]",2.0,1.0,9.0,8.0,contains_never_absorbable_material_defect,single_penalty_exact,52.6,51.6,58.2,56.7,-1.5,Weak,Weak,none,scripts/products/output_Natures_Way_scored/scored/scored_cleaned_batch_1.json
249719,Nature's Way,Sambucus for Kids HoneyBerry Cough Syrup,generic,transparency,11.0,10.0,1.0,"[{""absorbed_amount"":1.0,""amount"":2.0,""policy_class"":""never_absorbable_material_defect"",""type"":""B2_false_allergen_free_claim""}]",2.0,1.0,9.0,8.0,contains_never_absorbable_material_defect,single_penalty_exact,60.5,59.5,65.7,64.2,-1.5,Weak,Weak,none,scripts/products/output_Natures_Way_scored/scored/scored_cleaned_batch_1.json
180229,Nature Made,Fish Oil 1000 mg,omega,transparency,15.6,15.0,0.6,"[{""absorbed_amount"":null,""amount"":2.0,""policy_class"":""never_absorbable_material_defect"",""type"":""b2_false_allergen_free_claim""},{""absorbed_amount"":null,""amount"":1.6,""policy_class"":""potentially_absorbable_soft_debt"",""type"":""b5_proprietary_blend_opacity""}]",3.6,0.6,12.0,11.4,contains_never_absorbable_material_defect,shared_headroom_not_uniquely_attributable,81.0,80.4,85.9,85.3,-0.6,Strong,Strong,none,scripts/products/output_Nature_Made_scored/scored/scored_cleaned_batch_1.json
180403,Nature Made,Fish Oil 1000 mg,omega,transparency,15.6,15.0,0.6,"[{""absorbed_amount"":null,""amount"":2.0,""policy_class"":""never_absorbable_material_defect"",""type"":""b2_false_allergen_free_claim""},{""absorbed_amount"":null,""amount"":1.6,""policy_class"":""potentially_absorbable_soft_debt"",""type"":""b5_proprietary_blend_opacity""}]",3.6,0.6,12.0,11.4,contains_never_absorbable_material_defect,shared_headroom_not_uniquely_attributable,81.0,80.4,85.9,85.3,-0.6,Strong,Strong,none,scripts/products/output_Nature_Made_scored/scored/scored_cleaned_batch_1.json
180426,Nature Made,Fish Oil 1000 mg,omega,transparency,15.6,15.0,0.6,"[{""absorbed_amount"":null,""amount"":2.0,""policy_class"":""never_absorbable_material_defect"",""type"":""b2_false_allergen_free_claim""},{""absorbed_amount"":null,""amount"":1.6,""policy_class"":""potentially_absorbable_soft_debt"",""type"":""b5_proprietary_blend_opacity""}]",3.6,0.6,12.0,11.4,contains_never_absorbable_material_defect,shared_headroom_not_uniquely_attributable,81.0,80.4,85.9,85.3,-0.6,Strong,Strong,none,scripts/products/output_Nature_Made_scored/scored/scored_cleaned_batch_1.json
218854,Solgar,Whey To Go Whey Protein Powder Vanilla,sports,transparency,11.0,10.0,1.0,"[{""absorbed_amount"":1.0,""amount"":2.0,""policy_class"":""never_absorbable_material_defect"",""type"":""B2_false_allergen_free_claim""}]",2.0,1.0,9.0,8.0,contains_never_absorbable_material_defect,single_penalty_exact,80.7,79.7,80.0,78.5,-1.5,Strong,Acceptable,Strong -> Acceptable,scripts/products/output_Solgar_scored/scored/scored_cleaned_batch_1.json
269621,Doctor's Best,Digestive Probiotic 20 Billion,probiotic,transparency,16.0,15.0,1.0,"[{""absorbed_amount"":1.0,""amount"":1.6,""policy_class"":""potentially_absorbable_soft_debt"",""type"":""B5_proprietary_blend_opacity""}]",1.6,1.0,14.4,13.4,potentially_absorbable_soft_debt,single_penalty_exact,61.6,60.6,70.0,69.0,-1.0,Acceptable,Weak,Acceptable -> Weak,scripts/products/output_Doctors_Best_scored/scored/scored_cleaned_batch_1.json
63960,Doctor's Best,Fast Melt Immune Probiotic 3 Billion With Bifodan,probiotic,transparency,19.0,15.0,4.0,"[{""absorbed_amount"":1.3,""amount"":1.3,""policy_class"":""potentially_absorbable_soft_debt"",""type"":""B5_proprietary_blend_opacity""}]",1.3,1.3,15.0,13.7,potentially_absorbable_soft_debt,single_penalty_exact,63.4,62.1,70.6,69.3,-1.3,Acceptable,Weak,Acceptable -> Weak,scripts/products/output_Doctors_Best_scored/scored/scored_cleaned_batch_1.json
178848,Equate,Extra Care Probiotic,probiotic,transparency,16.0,15.0,1.0,"[{""absorbed_amount"":0.4,""amount"":0.4,""policy_class"":""potentially_absorbable_soft_debt"",""type"":""B5_proprietary_blend_opacity""}]",0.4,0.4,15.0,14.6,potentially_absorbable_soft_debt,single_penalty_exact,56.3,55.9,64.4,64.0,-0.4,Weak,Weak,none,scripts/products/output_Equate_scored/scored/scored_cleaned_batch_1.json
75098,GNC Milestones,Kids Chewable Probiotic For Kids 4-12 Natural Strawberry Flavor,probiotic,transparency,16.0,15.0,1.0,"[{""absorbed_amount"":1.0,""amount"":1.55,""policy_class"":""potentially_absorbable_soft_debt"",""type"":""B5_proprietary_blend_opacity""}]",1.55,1.0,14.45,13.45,potentially_absorbable_soft_debt,single_penalty_exact,52.8,51.8,56.1,55.1,-1.0,Weak,Weak,none,scripts/products/output_GNC_scored/scored/scored_cleaned_batch_5.json
259595,GNC Probiotic Solutions,Probiotic Solutions Sport 25 Billion CFUs,probiotic,transparency,16.0,15.0,1.0,"[{""absorbed_amount"":1.0,""amount"":3.4338,""policy_class"":""potentially_absorbable_soft_debt"",""type"":""B5_proprietary_blend_opacity""}]",3.4338,1.0,12.5662,11.5662,potentially_absorbable_soft_debt,single_penalty_exact,36.0,35.0,39.1,38.1,-1.0,Poor,Poor,none,scripts/products/output_GNC_scored/scored/scored_cleaned_batch_2.json
77164,GNC Probiotic Solutions,Probiotic Solutions Sport 25 Billion CFUs,probiotic,transparency,16.0,15.0,1.0,"[{""absorbed_amount"":1.0,""amount"":2.3429,""policy_class"":""potentially_absorbable_soft_debt"",""type"":""B5_proprietary_blend_opacity""}]",2.3429,1.0,13.6571,12.6571,potentially_absorbable_soft_debt,single_penalty_exact,49.5,48.5,52.1,51.1,-1.0,Poor,Poor,none,scripts/products/output_GNC_scored/scored/scored_cleaned_batch_5.json
233029,Garden of Life Dr. Formulated Probiotics,Daily Care 25 Billion CFU Guaranteed,probiotic,transparency,16.0,15.0,1.0,"[{""absorbed_amount"":1.0,""amount"":2.0,""policy_class"":""potentially_absorbable_soft_debt"",""type"":""B5_proprietary_blend_opacity""}]",2.0,1.0,14.0,13.0,potentially_absorbable_soft_debt,single_penalty_exact,59.2,58.2,64.8,63.8,-1.0,Weak,Weak,none,scripts/products/output_Garden_of_life_scored/scored/scored_cleaned_batch_1.json
233043,Garden of Life Dr. Formulated Probiotics,Mood Daily Care 40 Billion CFU Guaranteed,probiotic,transparency,16.0,15.0,1.0,"[{""absorbed_amount"":1.0,""amount"":2.4,""policy_class"":""potentially_absorbable_soft_debt"",""type"":""B5_proprietary_blend_opacity""}]",2.4,1.0,13.6,12.6,potentially_absorbable_soft_debt,single_penalty_exact,70.8,69.8,75.7,74.7,-1.0,Acceptable,Acceptable,none,scripts/products/output_Garden_of_life_scored/scored/scored_cleaned_batch_1.json
274061,Garden of Life Dr. Formulated Probiotics,Mood+ 50 Billion Guaranteed,probiotic,transparency,16.0,15.0,1.0,"[{""absorbed_amount"":1.0,""amount"":3.4963,""policy_class"":""potentially_absorbable_soft_debt"",""type"":""B5_proprietary_blend_opacity""}]",3.4963,1.0,12.5037,11.5037,potentially_absorbable_soft_debt,single_penalty_exact,67.8,66.8,75.9,74.9,-1.0,Acceptable,Acceptable,none,scripts/products/output_Garden_of_life_scored/scored/scored_cleaned_batch_1.json
242659,Garden of Life Dr. Formulated Probiotics,Once Daily 30 Billion Guaranteed,probiotic,transparency,16.0,15.0,1.0,"[{""absorbed_amount"":1.0,""amount"":2.0,""policy_class"":""potentially_absorbable_soft_debt"",""type"":""B5_proprietary_blend_opacity""}]",2.0,1.0,14.0,13.0,potentially_absorbable_soft_debt,single_penalty_exact,59.6,58.6,68.1,67.1,-1.0,Weak,Weak,none,scripts/products/output_Garden_of_life_scored/scored/scored_cleaned_batch_1.json
243976,Garden of Life Dr. Formulated Probiotics,Once Daily Prenatal,probiotic,transparency,16.0,15.0,1.0,"[{""absorbed_amount"":1.0,""amount"":2.0,""policy_class"":""potentially_absorbable_soft_debt"",""type"":""B5_proprietary_blend_opacity""}]",2.0,1.0,14.0,13.0,potentially_absorbable_soft_debt,single_penalty_exact,68.4,67.4,77.2,76.2,-1.0,Acceptable,Acceptable,none,scripts/products/output_Garden_of_life_scored/scored/scored_cleaned_batch_1.json
274081,Garden of Life Dr. Formulated Probiotics,Once Daily Prenatal,probiotic,transparency,16.0,15.0,1.0,"[{""absorbed_amount"":1.0,""amount"":2.0,""policy_class"":""potentially_absorbable_soft_debt"",""type"":""B5_proprietary_blend_opacity""}]",2.0,1.0,14.0,13.0,potentially_absorbable_soft_debt,single_penalty_exact,68.4,67.4,77.2,76.2,-1.0,Acceptable,Acceptable,none,scripts/products/output_Garden_of_life_scored/scored/scored_cleaned_batch_1.json
275474,Garden of Life Dr. Formulated Probiotics,Once Daily Ultra,probiotic,transparency,16.0,15.0,1.0,"[{""absorbed_amount"":1.0,""amount"":2.0,""policy_class"":""potentially_absorbable_soft_debt"",""type"":""B5_proprietary_blend_opacity""}]",2.0,1.0,14.0,13.0,potentially_absorbable_soft_debt,single_penalty_exact,63.8,62.8,72.1,71.1,-1.0,Acceptable,Acceptable,none,scripts/products/output_Garden_of_life_scored/scored/scored_cleaned_batch_1.json
173776,Garden of Life Dr. Formulated Probiotics,Once Daily Ultra 90 Billion Guaranteed,probiotic,transparency,16.0,15.0,1.0,"[{""absorbed_amount"":1.0,""amount"":2.0,""policy_class"":""potentially_absorbable_soft_debt"",""type"":""B5_proprietary_blend_opacity""}]",2.0,1.0,14.0,13.0,potentially_absorbable_soft_debt,single_penalty_exact,65.4,64.4,73.5,72.5,-1.0,Acceptable,Acceptable,none,scripts/products/output_Garden_of_life_scored/scored/scored_cleaned_batch_1.json
83155,Garden of Life Dr. Formulated Probiotics,Once Daily Women's,probiotic,transparency,16.0,15.0,1.0,"[{""absorbed_amount"":1.0,""amount"":2.0,""policy_class"":""potentially_absorbable_soft_debt"",""type"":""B5_proprietary_blend_opacity""}]",2.0,1.0,14.0,13.0,potentially_absorbable_soft_debt,single_penalty_exact,66.6,65.6,74.6,73.6,-1.0,Acceptable,Acceptable,none,scripts/products/output_Garden_of_life_scored/scored/scored_cleaned_batch_2.json
233050,Garden of Life Dr. Formulated Probiotics,Prenatal Daily Care 20 Billion CFU Guaranteed,probiotic,transparency,16.0,15.0,1.0,"[{""absorbed_amount"":1.0,""amount"":2.0,""policy_class"":""potentially_absorbable_soft_debt"",""type"":""B5_proprietary_blend_opacity""}]",2.0,1.0,14.0,13.0,potentially_absorbable_soft_debt,single_penalty_exact,62.6,61.6,67.9,66.9,-1.0,Weak,Weak,none,scripts/products/output_Garden_of_life_scored/scored/scored_cleaned_batch_1.json
173757,Garden of Life Dr. Formulated Probiotics,Prostate+ 50 Billion Guaranteed,probiotic,transparency,16.0,15.0,1.0,"[{""absorbed_amount"":1.0,""amount"":1.4565,""policy_class"":""potentially_absorbable_soft_debt"",""type"":""B5_proprietary_blend_opacity""}]",1.4565,1.0,14.5435,13.5435,potentially_absorbable_soft_debt,single_penalty_exact,63.0,62.0,71.8,70.8,-1.0,Acceptable,Acceptable,none,scripts/products/output_Garden_of_life_scored/scored/scored_cleaned_batch_1.json
83159,Garden of Life Dr. Formulated Probiotics,Urinary Tract+,probiotic,transparency,16.0,15.0,1.0,"[{""absorbed_amount"":1.0,""amount"":1.456,""policy_class"":""potentially_absorbable_soft_debt"",""type"":""B5_proprietary_blend_opacity""}]",1.456,1.0,14.544,13.544,potentially_absorbable_soft_debt,single_penalty_exact,65.8,64.8,74.5,73.5,-1.0,Acceptable,Acceptable,none,scripts/products/output_Garden_of_life_scored/scored/scored_cleaned_batch_2.json
233085,Garden of Life Dr. Formulated Probiotics,Women's Daily Care 40 Billion CFU Guaranteed,probiotic,transparency,16.0,15.0,1.0,"[{""absorbed_amount"":1.0,""amount"":2.0,""policy_class"":""potentially_absorbable_soft_debt"",""type"":""B5_proprietary_blend_opacity""}]",2.0,1.0,14.0,13.0,potentially_absorbable_soft_debt,single_penalty_exact,58.2,57.2,63.9,62.9,-1.0,Weak,Weak,none,scripts/products/output_Garden_of_life_scored/scored/scored_cleaned_batch_1.json
307631,Jarrow Formulas,Jarro-Dophilus 10 Billion CFU Allergen Free,probiotic,transparency,16.0,15.0,1.0,"[{""absorbed_amount"":1.0,""amount"":1.6,""policy_class"":""potentially_absorbable_soft_debt"",""type"":""B5_proprietary_blend_opacity""}]",1.6,1.0,14.4,13.4,potentially_absorbable_soft_debt,single_penalty_exact,45.9,44.9,50.1,49.1,-1.0,Poor,Poor,none,scripts/products/output_Jarrow_Formulas_scored/scored/scored_cleaned_batch_1.json
201940,Nature's Way,Fortify Dual Action Immune Defense 20 Billion,probiotic,transparency,16.0,15.0,1.0,"[{""absorbed_amount"":1.0,""amount"":1.2571,""policy_class"":""potentially_absorbable_soft_debt"",""type"":""B5_proprietary_blend_opacity""}]",1.2571,1.0,14.7429,13.7429,potentially_absorbable_soft_debt,single_penalty_exact,66.0,65.0,71.8,70.8,-1.0,Acceptable,Acceptable,none,scripts/products/output_Natures_Way_scored/scored/scored_cleaned_batch_1.json
201941,Nature's Way,Fortify Dual Action Urinary Health 20 Billion,probiotic,transparency,16.0,15.0,1.0,"[{""absorbed_amount"":0.52,""amount"":0.52,""policy_class"":""potentially_absorbable_soft_debt"",""type"":""B5_proprietary_blend_opacity""}]",0.52,0.52,15.0,14.48,potentially_absorbable_soft_debt,single_penalty_exact,70.1,69.58,75.6,75.1,-0.5,Acceptable,Acceptable,none,scripts/products/output_Natures_Way_scored/scored/scored_cleaned_batch_1.json
200156,Nature's Way,Fortify Kids Probiotics 10 Billion Fruit Punch Flavored,probiotic,transparency,16.0,15.0,1.0,"[{""absorbed_amount"":1.0,""amount"":1.6,""policy_class"":""potentially_absorbable_soft_debt"",""type"":""B5_proprietary_blend_opacity""}]",1.6,1.0,14.4,13.4,potentially_absorbable_soft_debt,single_penalty_exact,60.3,59.3,64.3,63.3,-1.0,Weak,Weak,none,scripts/products/output_Natures_Way_scored/scored/scored_cleaned_batch_1.json
202097,Nature's Way,Primadophilus Optima Kids Probiotics 10 Billion Fruit Punch Flavored,probiotic,transparency,16.0,15.0,1.0,"[{""absorbed_amount"":1.0,""amount"":1.6,""policy_class"":""potentially_absorbable_soft_debt"",""type"":""B5_proprietary_blend_opacity""}]",1.6,1.0,14.4,13.4,potentially_absorbable_soft_debt,single_penalty_exact,60.3,59.3,64.3,63.3,-1.0,Weak,Weak,none,scripts/products/output_Natures_Way_scored/scored/scored_cleaned_batch_1.json
202109,Nature's Way,Primadophilus Optima Kids Probiotics 10 Billion Vanilla Flavored,probiotic,transparency,16.0,15.0,1.0,"[{""absorbed_amount"":1.0,""amount"":1.6,""policy_class"":""potentially_absorbable_soft_debt"",""type"":""B5_proprietary_blend_opacity""}]",1.6,1.0,14.4,13.4,potentially_absorbable_soft_debt,single_penalty_exact,59.6,58.6,63.2,62.2,-1.0,Weak,Weak,none,scripts/products/output_Natures_Way_scored/scored/scored_cleaned_batch_1.json
221677,Nordic Naturals,Nordic Flora Probiotic Comfort,probiotic,transparency,16.0,15.0,1.0,"[{""absorbed_amount"":1.0,""amount"":2.7074,""policy_class"":""potentially_absorbable_soft_debt"",""type"":""B5_proprietary_blend_opacity""}]",2.7074,1.0,13.2926,12.2926,potentially_absorbable_soft_debt,single_penalty_exact,55.4,54.4,63.2,62.2,-1.0,Weak,Weak,none,scripts/products/output_nordic-naturals_scored/scored/scored_cleaned_batch_1.json
223171,Nordic Naturals,Nordic Flora Probiotic Daily,probiotic,transparency,16.0,15.0,1.0,"[{""absorbed_amount"":1.0,""amount"":2.4429,""policy_class"":""potentially_absorbable_soft_debt"",""type"":""B5_proprietary_blend_opacity""}]",2.4429,1.0,13.5571,12.5571,potentially_absorbable_soft_debt,single_penalty_exact,47.0,46.0,55.7,54.7,-1.0,Weak,Poor,Weak -> Poor,scripts/products/output_nordic-naturals_scored/scored/scored_cleaned_batch_1.json
74080,Nordic Naturals,Nordic Probiotic Sport,probiotic,transparency,16.0,15.0,1.0,"[{""absorbed_amount"":1.0,""amount"":1.35,""policy_class"":""potentially_absorbable_soft_debt"",""type"":""B5_proprietary_blend_opacity""}]",1.35,1.0,14.65,13.65,potentially_absorbable_soft_debt,single_penalty_exact,49.2,48.2,54.8,53.8,-1.0,Poor,Poor,none,scripts/products/output_nordic-naturals_scored/scored/scored_cleaned_batch_1.json
259890,Ora,Lady Bugs,probiotic,transparency,16.0,15.0,1.0,"[{""absorbed_amount"":0.52,""amount"":0.52,""policy_class"":""potentially_absorbable_soft_debt"",""type"":""B5_proprietary_blend_opacity""}]",0.52,0.52,15.0,14.48,potentially_absorbable_soft_debt,single_penalty_exact,53.3,52.78,61.3,60.8,-0.5,Weak,Weak,none,scripts/products/output_Ora_scored/scored/scored_cleaned_batch_1.json
259879,Ora,Trust Your Gut Apple & Raspberry,probiotic,transparency,16.0,15.0,1.0,"[{""absorbed_amount"":1.0,""amount"":2.0845,""policy_class"":""potentially_absorbable_soft_debt"",""type"":""B5_proprietary_blend_opacity""}]",2.0845,1.0,13.9155,12.9155,potentially_absorbable_soft_debt,single_penalty_exact,56.9,55.9,64.7,63.7,-1.0,Weak,Weak,none,scripts/products/output_Ora_scored/scored/scored_cleaned_batch_1.json
251907,Ora,Trust Your Gut.,probiotic,transparency,16.0,15.0,1.0,"[{""absorbed_amount"":0.52,""amount"":0.52,""policy_class"":""potentially_absorbable_soft_debt"",""type"":""B5_proprietary_blend_opacity""}]",0.52,0.52,15.0,14.48,potentially_absorbable_soft_debt,single_penalty_exact,42.0,41.48,50.5,50.0,-0.5,Poor,Poor,none,scripts/products/output_Ora_scored/scored/scored_cleaned_batch_1.json
229148,Ora,Trust Your Gut. Lavender Lemonade Flavor,probiotic,transparency,16.0,15.0,1.0,"[{""absorbed_amount"":1.0,""amount"":2.0853,""policy_class"":""potentially_absorbable_soft_debt"",""type"":""B5_proprietary_blend_opacity""}]",2.0853,1.0,13.9147,12.9147,potentially_absorbable_soft_debt,single_penalty_exact,51.6,50.6,59.7,58.7,-1.0,Weak,Weak,none,scripts/products/output_Ora_scored/scored/scored_cleaned_batch_1.json
217182,Solgar,ABC Dophilus Powder,probiotic,transparency,19.0,15.0,4.0,"[{""absorbed_amount"":1.6,""amount"":1.6,""policy_class"":""potentially_absorbable_soft_debt"",""type"":""B5_proprietary_blend_opacity""}]",1.6,1.6,15.0,13.4,potentially_absorbable_soft_debt,single_penalty_exact,58.2,56.6,62.5,60.9,-1.6,Weak,Weak,none,scripts/products/output_Solgar_scored/scored/scored_cleaned_batch_1.json
264115,Solgar,Advanced 40+ Acidophilus,probiotic,transparency,19.0,15.0,4.0,"[{""absorbed_amount"":1.6,""amount"":1.6,""policy_class"":""potentially_absorbable_soft_debt"",""type"":""B5_proprietary_blend_opacity""}]",1.6,1.6,15.0,13.4,potentially_absorbable_soft_debt,single_penalty_exact,64.2,62.6,66.8,65.2,-1.6,Weak,Weak,none,scripts/products/output_Solgar_scored/scored/scored_cleaned_batch_1.json
44247,Solgar,Advanced 40+ Acidophilus,probiotic,transparency,19.0,15.0,4.0,"[{""absorbed_amount"":1.15,""amount"":1.15,""policy_class"":""potentially_absorbable_soft_debt"",""type"":""B5_proprietary_blend_opacity""}]",1.15,1.15,15.0,13.85,potentially_absorbable_soft_debt,single_penalty_exact,59.2,58.05,64.9,63.7,-1.2,Weak,Weak,none,scripts/products/output_Solgar_scored/scored/scored_cleaned_batch_1.json
80971,Solgar,Advanced 40+ Acidophilus,probiotic,transparency,19.0,15.0,4.0,"[{""absorbed_amount"":2.05,""amount"":2.05,""policy_class"":""potentially_absorbable_soft_debt"",""type"":""B5_proprietary_blend_opacity""}]",2.05,2.05,15.0,12.95,potentially_absorbable_soft_debt,single_penalty_exact,67.2,65.15,72.6,70.5,-2.1,Acceptable,Acceptable,none,scripts/products/output_Solgar_scored/scored/scored_cleaned_batch_2.json
217189,Solgar,Advanced Acidophilus,probiotic,transparency,19.0,15.0,4.0,"[{""absorbed_amount"":1.6,""amount"":1.6,""policy_class"":""potentially_absorbable_soft_debt"",""type"":""B5_proprietary_blend_opacity""}]",1.6,1.6,15.0,13.4,potentially_absorbable_soft_debt,single_penalty_exact,45.2,43.6,51.1,49.5,-1.6,Poor,Poor,none,scripts/products/output_Solgar_scored/scored/scored_cleaned_batch_1.json
241240,Solgar,Advanced Acidophilus Plus,probiotic,transparency,19.0,15.0,4.0,"[{""absorbed_amount"":1.6,""amount"":1.6,""policy_class"":""potentially_absorbable_soft_debt"",""type"":""B5_proprietary_blend_opacity""}]",1.6,1.6,15.0,13.4,potentially_absorbable_soft_debt,single_penalty_exact,58.9,57.3,60.9,59.3,-1.6,Weak,Weak,none,scripts/products/output_Solgar_scored/scored/scored_cleaned_batch_1.json
264106,Solgar,Advanced Acidophilus Plus,probiotic,transparency,19.0,15.0,4.0,"[{""absorbed_amount"":1.6,""amount"":1.6,""policy_class"":""potentially_absorbable_soft_debt"",""type"":""B5_proprietary_blend_opacity""}]",1.6,1.6,15.0,13.4,potentially_absorbable_soft_debt,single_penalty_exact,58.9,57.3,60.9,59.3,-1.6,Weak,Weak,none,scripts/products/output_Solgar_scored/scored/scored_cleaned_batch_1.json
44161,Solgar,Advanced Acidophilus Plus,probiotic,transparency,19.0,15.0,4.0,"[{""absorbed_amount"":1.3,""amount"":1.3,""policy_class"":""potentially_absorbable_soft_debt"",""type"":""B5_proprietary_blend_opacity""}]",1.3,1.3,15.0,13.7,potentially_absorbable_soft_debt,single_penalty_exact,61.9,60.6,67.7,66.4,-1.3,Weak,Weak,none,scripts/products/output_Solgar_scored/scored/scored_cleaned_batch_1.json
44163,Solgar,Advanced Acidophilus Plus,probiotic,transparency,19.0,15.0,4.0,"[{""absorbed_amount"":1.3,""amount"":1.3,""policy_class"":""potentially_absorbable_soft_debt"",""type"":""B5_proprietary_blend_opacity""}]",1.3,1.3,15.0,13.7,potentially_absorbable_soft_debt,single_penalty_exact,61.9,60.6,67.7,66.4,-1.3,Weak,Weak,none,scripts/products/output_Solgar_scored/scored/scored_cleaned_batch_1.json
264116,Solgar,Advanced Multi-Billion Dophilus,probiotic,transparency,19.0,15.0,4.0,"[{""absorbed_amount"":1.6,""amount"":1.6,""policy_class"":""potentially_absorbable_soft_debt"",""type"":""B5_proprietary_blend_opacity""}]",1.6,1.6,15.0,13.4,potentially_absorbable_soft_debt,single_penalty_exact,75.9,74.3,77.7,76.1,-1.6,Acceptable,Acceptable,none,scripts/products/output_Solgar_scored/scored/scored_cleaned_batch_1.json
79324,Solgar,Advanced Multi-Billion Dophilus,probiotic,transparency,19.0,15.0,4.0,"[{""absorbed_amount"":1.8,""amount"":1.8,""policy_class"":""potentially_absorbable_soft_debt"",""type"":""B5_proprietary_blend_opacity""}]",1.8,1.8,15.0,13.2,potentially_absorbable_soft_debt,single_penalty_exact,75.9,74.1,81.4,79.6,-1.8,Strong,Acceptable,Strong -> Acceptable,scripts/products/output_Solgar_scored/scored/scored_cleaned_batch_2.json
214664,Solgar,Multi-Acidophilus Powder,probiotic,transparency,19.0,15.0,4.0,"[{""absorbed_amount"":1.5613,""amount"":1.5613,""policy_class"":""potentially_absorbable_soft_debt"",""type"":""B5_proprietary_blend_opacity""}]",1.5613,1.5613,15.0,13.4387,potentially_absorbable_soft_debt,single_penalty_exact,58.7,57.1387,62.6,61.0,-1.6,Weak,Weak,none,scripts/products/output_Solgar_scored/scored/scored_cleaned_batch_1.json
326252,Sports Research,Daily Probiotics,probiotic,transparency,16.0,15.0,1.0,"[{""absorbed_amount"":1.0,""amount"":2.0,""policy_class"":""potentially_absorbable_soft_debt"",""type"":""B5_proprietary_blend_opacity""}]",2.0,1.0,14.0,13.0,potentially_absorbable_soft_debt,single_penalty_exact,75.8,74.8,81.5,80.5,-1.0,Strong,Strong,none,scripts/products/output_Sports_Research_scored/scored/scored_cleaned_batch_1.json
178346,Spring Valley,Advanced Strength Probiotic 50 Billion,probiotic,transparency,16.0,15.0,1.0,"[{""absorbed_amount"":1.0,""amount"":2.6182,""policy_class"":""potentially_absorbable_soft_debt"",""type"":""B5_proprietary_blend_opacity""}]",2.6182,1.0,13.3818,12.3818,potentially_absorbable_soft_debt,single_penalty_exact,59.6,58.6,68.8,67.8,-1.0,Weak,Weak,none,scripts/products/output_Spring_Valley_scored/scored/scored_cleaned_batch_1.json
178351,Spring Valley,Women's Total Care Probiotic 50 Billion,probiotic,transparency,16.0,15.0,1.0,"[{""absorbed_amount"":1.0,""amount"":2.3,""policy_class"":""potentially_absorbable_soft_debt"",""type"":""B5_proprietary_blend_opacity""}]",2.3,1.0,13.7,12.7,potentially_absorbable_soft_debt,single_penalty_exact,65.2,64.2,73.4,72.4,-1.0,Acceptable,Acceptable,none,scripts/products/output_Spring_Valley_scored/scored/scored_cleaned_batch_1.json
298030,Thorne,FloraPro-LP Probiotic,probiotic,transparency,16.0,15.0,1.0,"[{""absorbed_amount"":1.0,""amount"":1.6,""policy_class"":""potentially_absorbable_soft_debt"",""type"":""B5_proprietary_blend_opacity""}]",1.6,1.0,14.4,13.4,potentially_absorbable_soft_debt,single_penalty_exact,43.7,42.7,54.2,53.2,-1.0,Poor,Poor,none,scripts/products/output_Thorne_scored/scored/scored_cleaned_batch_1.json
298031,Thorne,FloraSport 20B,probiotic,transparency,18.0,15.0,3.0,"[{""absorbed_amount"":1.6,""amount"":1.6,""policy_class"":""potentially_absorbable_soft_debt"",""type"":""B5_proprietary_blend_opacity""}]",1.6,1.6,15.0,13.4,potentially_absorbable_soft_debt,single_penalty_exact,77.1,75.5,82.0,80.4,-1.6,Strong,Strong,none,scripts/products/output_Thorne_scored/scored/scored_cleaned_batch_1.json
306247,Thorne,FloraSport 20B,probiotic,transparency,18.0,15.0,3.0,"[{""absorbed_amount"":1.6,""amount"":1.6,""policy_class"":""potentially_absorbable_soft_debt"",""type"":""B5_proprietary_blend_opacity""}]",1.6,1.6,15.0,13.4,potentially_absorbable_soft_debt,single_penalty_exact,82.1,80.5,86.6,85.0,-1.6,Strong,Strong,none,scripts/products/output_Thorne_scored/scored/scored_cleaned_batch_1.json
328844,Thorne,Women's Daily Probiotic,probiotic,transparency,18.0,15.0,3.0,"[{""absorbed_amount"":1.6,""amount"":1.6,""policy_class"":""potentially_absorbable_soft_debt"",""type"":""B5_proprietary_blend_opacity""}]",1.6,1.6,15.0,13.4,potentially_absorbable_soft_debt,single_penalty_exact,41.6,40.0,50.3,48.7,-1.6,Poor,Poor,none,scripts/products/output_Thorne_scored/scored/scored_cleaned_batch_1.json
286725,vitafusion,"Probiotic Natural Raspberry, Peach & Mango Flavor",probiotic,transparency,18.0,15.0,3.0,"[{""absorbed_amount"":1.6,""amount"":1.6,""policy_class"":""potentially_absorbable_soft_debt"",""type"":""B5_proprietary_blend_opacity""}]",1.6,1.6,15.0,13.4,potentially_absorbable_soft_debt,single_penalty_exact,61.5,59.9,67.9,66.3,-1.6,Weak,Weak,none,scripts/products/output_Vitafusion_scored/scored/scored_cleaned_batch_1.json
