benchmark_id,reviewer_slot,reviewer_id,reviewer_order,review_round,correction_reason,formulation_0_20,dose_0_20,evidence_0_20,transparency_0_15,verification_0_15,formula_quality_checks_0_10,overall_0_100,product_safety_status,safety_concern_driver,assessment_confidence,label_facts_sufficient,source_citations_json,rationale,protocol_deviation
PG-4037B4FC778B,1,PHAM,1,1,,12.0,10.0,12.0,5.0,7.5,10.0,56.5,no_known_catalog_concern,,low,no,PMID 28698222; PMID 35187864; https://ods.od.nih.gov/factsheets/ExerciseAndAthleticPerformance-HealthProfessional/; https://www.fda.gov/safety/recalls-market-withdrawals-safety-alerts,"Protein supplementation is directionally supported during resistance training, but the actual protein dose and multiple amino/enzyme blend amounts are not disclosed; the maximum two-serving regimen was used. Verification 7.5 = neutral, nothing establishable. No separate catalog-level recall, contamination, adulteration, or substantiated manufacturing-quality signal was identified in this review.",none
PG-36708F435DB4,1,PHAM,2,1,,15.0,11.0,15.0,8.0,7.5,10.0,66.5,no_known_catalog_concern,,low,no,PMID 28698222; PMID 35187864; https://ods.od.nih.gov/factsheets/ExerciseAndAthleticPerformance-HealthProfessional/; https://www.fda.gov/safety/recalls-market-withdrawals-safety-alerts,"Whey concentrate is an appropriate protein source and human evidence is favorable, but the extracted facts omit the protein amount and show an undisclosed vitamin D quantity, limiting dose comparability. Verification 7.5 = neutral, nothing establishable. No separate catalog-level recall, contamination, adulteration, or substantiated manufacturing-quality signal was identified in this review.",none
PG-446B854BA2E7,1,PHAM,3,1,,14.0,14.0,8.0,15.0,7.5,10.0,68.5,no_known_catalog_concern,,moderate,yes,PMID 28852372; PMID 38241335; https://ods.od.nih.gov/factsheets/ExerciseAndAthleticPerformance-HealthProfessional/; https://www.fda.gov/safety/recalls-market-withdrawals-safety-alerts,"The 6 g 2:1:1 BCAA dose is coherent, but human evidence is mixed and isolated BCAAs are less directly supported than complete protein for muscle gain. Verification 7.5 = neutral, nothing establishable. No separate catalog-level recall, contamination, adulteration, or substantiated manufacturing-quality signal was identified in this review.",none
PG-E8D907057C8C,1,PHAM,4,1,,18.0,16.0,15.0,15.0,7.5,10.0,81.5,no_known_catalog_concern,,high,yes,https://ods.od.nih.gov/factsheets/Omega3FattyAcids-HealthProfessional/; https://www.fda.gov/safety/recalls-market-withdrawals-safety-alerts,"Algal EPA plus DHA totals 465 mg daily, a plausible nutritional dose; human evidence supports omega-3 intake directionally, although intended-use comparability is not specified. Verification 7.5 = neutral, nothing establishable. No separate catalog-level recall, contamination, adulteration, or substantiated manufacturing-quality signal was identified in this review.",none
PG-7F36C9F6FBF0,1,PHAM,5,1,,18.0,19.0,16.0,15.0,7.5,10.0,85.5,no_known_catalog_concern,,high,yes,PMID 39699070; https://ods.od.nih.gov/factsheets/ExerciseAndAthleticPerformance-HealthProfessional/; https://www.fda.gov/safety/recalls-market-withdrawals-safety-alerts,"Calcium HMB at 3 g daily closely matches commonly studied doses, with generally favorable but population- and training-dependent human evidence; vitamin D is moderate. Verification 7.5 = neutral, nothing establishable. No separate catalog-level recall, contamination, adulteration, or substantiated manufacturing-quality signal was identified in this review.",none
PG-F715707D8FA8,1,PHAM,6,1,,19.0,12.0,14.0,15.0,15.0,10.0,85,caution,Magnesium 405 mg/day from supplements at the three-capsule maximum,high,yes,https://ods.od.nih.gov/factsheets/Magnesium-HealthProfessional/; https://info.nsf.org/Certified/Dietary/Listings.asp?TradeName=magnesium; https://www.fda.gov/safety/recalls-market-withdrawals-safety-alerts; https://info.nsf.org/Certified/Dietary/Listings.asp?CompanyName=Thorne,"Citrate/malate are appropriate forms, but the required maximum serving supplies 405 mg supplemental magnesium, above the U.S. 350 mg supplemental UL and more likely to cause gastrointestinal effects. The exact product is present in NSF's official product directory, supporting strong product-specific verification. No separate catalog-level recall, contamination, adulteration, or substantiated manufacturing-quality signal was identified in this review.",none
PG-73768E384096,1,PHAM,7,1,,8.0,5.0,6.0,4.0,7.5,10.0,40.5,not_assessed,,low,no,https://ods.od.nih.gov/factsheets/Probiotics-HealthProfessional/; PMID 29868585; https://www.fda.gov/safety/recalls-market-withdrawals-safety-alerts,"Probiotic effects are strain-, dose-, and indication-specific, but CFU, blend totals, and per-strain amounts are absent, so the prostate-oriented evidence and dose cannot be compared reliably. Verification 7.5 = neutral, nothing establishable. No separate catalog-level recall, contamination, adulteration, or substantiated manufacturing-quality signal was identified in this review.",none
PG-27D1E2CB43AC,1,PHAM,8,1,,18.0,18.0,15.0,15.0,7.5,10.0,83.5,no_known_catalog_concern,,low,no,https://www.pureencapsulationspro.com/emulsisorb-k2-d3-liquid.html; https://ods.od.nih.gov/factsheets/VitaminD-HealthProfessional/; https://ods.od.nih.gov/factsheets/VitaminK-HealthProfessional/; https://www.fda.gov/safety/recalls-market-withdrawals-safety-alerts,"Official manufacturer directions confirm one daily serving of 5 drops (0.16 mL), providing vitamin D3 25 mcg and MK-7 90 mcg; the file's 6.1 frequency is an extraction defect. The D3/MK-7 pairing is coherent and the doses are within conventional supplemental ranges. Verification 7.5 = neutral, nothing establishable. No separate catalog-level recall, contamination, adulteration, or substantiated manufacturing-quality signal was identified in this review.",none
PG-3A5D688494B3,1,PHAM,9,1,,18.0,14.0,18.0,15.0,15.0,10.0,90,caution,Iron 45 mg/day at the adult tolerable upper intake level,high,yes,https://ods.od.nih.gov/factsheets/Pregnancy-HealthProfessional/; https://ods.od.nih.gov/factsheets/Folate-HealthProfessional/; https://ods.od.nih.gov/factsheets/Iron-HealthProfessional/; https://ods.od.nih.gov/factsheets/VitaminA-HealthProfessional/; https://ods.od.nih.gov/factsheets/Choline-HealthProfessional/; PMID 32075071; https://www.fda.gov/safety/recalls-market-withdrawals-safety-alerts; https://info.nsf.org/Certified/Dietary/Listings.asp?TradeName=prenatal; https://info.nsf.org/Certified/Dietary/Listings.asp?CompanyName=Thorne,"The formulation is broadly aligned with prenatal evidence and uses a well-supported folate strategy, but iron is 45 mg and choline remains well below pregnancy needs; evidence direction and intended-use comparability are strong. The exact product is present in NSF's official product directory, supporting strong product-specific verification. No separate catalog-level recall, contamination, adulteration, or substantiated manufacturing-quality signal was identified in this review.",none
PG-CA14A61BB672,1,PHAM,10,1,,15.0,16.0,10.0,15.0,7.5,10.0,73.5,no_known_catalog_concern,,moderate,yes,PMID 25386609; https://www.fda.gov/safety/recalls-market-withdrawals-safety-alerts,"Hydrolyzed keratin at 500 mg is comparable to a small favorable human study, but replication, endpoint breadth, and exact raw-material comparability are limited. Verification 7.5 = neutral, nothing establishable. No separate catalog-level recall, contamination, adulteration, or substantiated manufacturing-quality signal was identified in this review.",none
PG-C1FCD92C77F4,1,PHAM,11,1,,10.0,10.5,7.0,14.0,7.5,10.0,59,no_known_catalog_concern,,moderate,yes,PMID 28852372; PMID 38241335; https://ods.od.nih.gov/factsheets/ExerciseAndAthleticPerformance-HealthProfessional/; https://www.fda.gov/safety/recalls-market-withdrawals-safety-alerts; https://ods.od.nih.gov/factsheets/VitaminD-HealthProfessional/; https://ods.od.nih.gov/factsheets/Folate-HealthProfessional/; https://ods.od.nih.gov/factsheets/Biotin-HealthProfessional/,"The BCAA dose is conventional, but evidence for added benefit over adequate protein is mixed and the many low-dose beauty/electrolyte additions are not directly comparable to a unified clinical formula. Verification 7.5 = neutral, nothing establishable. No separate catalog-level recall, contamination, adulteration, or substantiated manufacturing-quality signal was identified in this review.",none
PG-80F98E05CB6B,1,PHAM,12,1,,10.0,4.0,7.0,15.0,7.5,10.0,53.5,caution,Niacin 80 mg/day at the four-serving maximum; form not stated,moderate,yes,https://ods.od.nih.gov/factsheets/VitaminB6-HealthProfessional/; https://ods.od.nih.gov/factsheets/Niacin-HealthProfessional/; https://ods.od.nih.gov/factsheets/VitaminB12-HealthProfessional/; https://ods.od.nih.gov/factsheets/Folate-HealthProfessional/; https://www.fda.gov/safety/recalls-market-withdrawals-safety-alerts,"At the required four-serving maximum, niacin reaches 80 mg and vitamin B12 4,800 mcg; deficiency correction is biologically plausible, but broad energy claims and sublingual superiority are not directly supported. Verification 7.5 = neutral, nothing establishable. No separate catalog-level recall, contamination, adulteration, or substantiated manufacturing-quality signal was identified in this review.",none
PG-D4C831D41DA9,1,PHAM,13,1,,10.0,5.0,7.0,15.0,7.5,10.0,54.5,caution,Vitamin B6 50 mg/day and niacin 35 mg/day,high,yes,https://ods.od.nih.gov/factsheets/VitaminB6-HealthProfessional/; https://ods.od.nih.gov/factsheets/Niacin-HealthProfessional/; https://ods.od.nih.gov/factsheets/VitaminB12-HealthProfessional/; https://ods.od.nih.gov/factsheets/Folate-HealthProfessional/; https://www.fda.gov/safety/recalls-market-withdrawals-safety-alerts,"Several B vitamins are far above nutritional requirements; evidence supports treating deficiency but not routine megadosing for unspecified benefit, and B6 50 mg warrants chronic-use caution. Verification 7.5 = neutral, nothing establishable. No separate catalog-level recall, contamination, adulteration, or substantiated manufacturing-quality signal was identified in this review.",none
PG-1DBDDF0210EB,1,PHAM,14,1,,15.0,12.0,8.0,15.0,7.5,10.0,67.5,no_known_catalog_concern,,moderate,yes,PMID 30881246; https://www.fda.gov/safety/recalls-market-withdrawals-safety-alerts,"Lysine 1 g is a plausible oral dose, but human evidence for herpes prevention is conditional and mixed rather than directly supportive of a broad intended use. Verification 7.5 = neutral, nothing establishable. No separate catalog-level recall, contamination, adulteration, or substantiated manufacturing-quality signal was identified in this review.",none
PG-E5DF516B31C7,1,PHAM,15,1,,8.0,4.0,8.0,4.0,7.5,10.0,41.5,not_assessed,,low,no,PMID 28615996; https://ods.od.nih.gov/factsheets/ExerciseAndAthleticPerformance-HealthProfessional/; https://www.fda.gov/safety/recalls-market-withdrawals-safety-alerts; https://choice.wetestyoutrust.com/certified-products,"Creatine has strong favorable human evidence, but the creatine matrix and amino-acid amounts are hidden, preventing comparison with the established 3–5 g/day monohydrate evidence. Verification 7.5 = partial/mixed: a named testing program or product family was identifiable, but the exact legacy product/formula was not independently confirmed. No separate catalog-level recall, contamination, adulteration, or substantiated manufacturing-quality signal was identified in this review.",none
PG-592B4A4760BB,1,PHAM,16,1,,18.0,17.0,17.0,15.0,7.5,10.0,84.5,no_known_catalog_concern,,high,yes,PMID 28698222; PMID 35187864; https://ods.od.nih.gov/factsheets/ExerciseAndAthleticPerformance-HealthProfessional/; https://www.fda.gov/safety/recalls-market-withdrawals-safety-alerts,"Twenty-one grams of whey isolate is directly comparable to favorable resistance-training protein research, although total daily diet and intended use determine the magnitude of benefit. Verification 7.5 = neutral, nothing establishable. No separate catalog-level recall, contamination, adulteration, or substantiated manufacturing-quality signal was identified in this review.",none
PG-DDA0598EE29F,1,PHAM,17,1,,12.0,12.0,8.0,13.0,7.5,10.0,62.5,no_known_catalog_concern,,moderate,yes,https://www.nccih.nih.gov/health/elderberry; https://ods.od.nih.gov/factsheets/ImmuneFunction-HealthProfessional/; https://www.fda.gov/safety/recalls-market-withdrawals-safety-alerts,"Vitamin C and zinc doses remain moderate at three gummies, while elderberry evidence for acute respiratory symptoms is limited and heterogeneous; the 50 mg versus 3,200 mg equivalence is not fully characterized. Verification 7.5 = neutral, nothing establishable. No separate catalog-level recall, contamination, adulteration, or substantiated manufacturing-quality signal was identified in this review.",none
PG-FB127D88AB6B,1,PHAM,18,1,,15.0,3.0,12.0,5.0,7.5,10.0,52.5,not_assessed,,low,no,PMID 17151807; PMID 28809383; https://www.fda.gov/safety/recalls-market-withdrawals-safety-alerts,"Alpha-galactosidase has favorable human evidence for reducing gas from fermentable carbohydrates, but the enzyme activity unit and quantity are missing, making product-dose comparability impossible. Verification 7.5 = neutral, nothing establishable. No separate catalog-level recall, contamination, adulteration, or substantiated manufacturing-quality signal was identified in this review.",none
PG-17E37AE79E21,1,PHAM,19,1,,17.0,8.0,10.0,15.0,7.5,10.0,67.5,no_known_catalog_concern,,high,yes,PMID 39699070; https://ods.od.nih.gov/factsheets/ExerciseAndAthleticPerformance-HealthProfessional/; https://www.fda.gov/safety/recalls-market-withdrawals-safety-alerts,"The calcium-HMB form is appropriate, but 1 g daily is well below the commonly studied 3 g/day dose, so favorable evidence is only partially comparable. Verification 7.5 = neutral, nothing establishable. No separate catalog-level recall, contamination, adulteration, or substantiated manufacturing-quality signal was identified in this review.",none
PG-FEDFB08C241D,1,PHAM,20,1,,8.0,8.0,8.0,5.0,7.5,10.0,46.5,not_assessed,,low,no,PMID 28698222; PMID 35187864; https://ods.od.nih.gov/factsheets/ExerciseAndAthleticPerformance-HealthProfessional/; https://www.fda.gov/safety/recalls-market-withdrawals-safety-alerts; PMID 28615996; PMID 39699070; https://ods.od.nih.gov/factsheets/Magnesium-HealthProfessional/,"Several actives have plausible evidence, but protein and creatine amounts are obscured by overlapping proprietary blends and one leucine entry lacks a unit; the formula cannot be reliably reconstructed. Verification 7.5 = neutral, nothing establishable. No separate catalog-level recall, contamination, adulteration, or substantiated manufacturing-quality signal was identified in this review.",none
PG-25E70418F299,1,PHAM,21,1,,11.0,7.0,7.0,5.0,7.5,10.0,47.5,caution,Ashwagandha amount undisclosed within a proprietary blend,low,no,https://www.nccih.nih.gov/health/turmeric; https://www.nccih.nih.gov/health/ashwagandha; https://www.fda.gov/safety/recalls-market-withdrawals-safety-alerts,"Turmeric and ashwagandha have some favorable human findings, but the active amounts, extract standardization, and intended-use comparability are undisclosed; rare ashwagandha liver injury also warrants caution. Verification 7.5 = neutral, nothing establishable. No separate catalog-level recall, contamination, adulteration, or substantiated manufacturing-quality signal was identified in this review.",none
PG-871F14BFF5B2,1,PHAM,22,1,,17.0,13.0,16.0,9.0,7.5,10.0,72.5,no_known_catalog_concern,,low,no,PMID 28698222; PMID 35187864; https://ods.od.nih.gov/factsheets/ExerciseAndAthleticPerformance-HealthProfessional/; https://www.fda.gov/safety/recalls-market-withdrawals-safety-alerts; PMID 29722584,"Soy isolate is a suitable complete protein and comparative resistance-training evidence is favorable, but the extracted facts omit total protein grams and contain two known quantity gaps. Verification 7.5 = neutral, nothing establishable. No separate catalog-level recall, contamination, adulteration, or substantiated manufacturing-quality signal was identified in this review.",none
PG-F1B9DE5F15FF,1,PHAM,23,1,,17.0,17.0,14.0,15.0,7.5,10.0,80.5,no_known_catalog_concern,,high,yes,https://ods.od.nih.gov/factsheets/Omega3FattyAcids-HealthProfessional/; https://www.fda.gov/safety/recalls-market-withdrawals-safety-alerts,"At the two-serving maximum EPA plus DHA totals 2 g, a clinically plausible range; omega-3 evidence is favorable for selected endpoints, while the added 100 mg GLA has less directly comparable support. Verification 7.5 = neutral, nothing establishable. No separate catalog-level recall, contamination, adulteration, or substantiated manufacturing-quality signal was identified in this review.",none
PG-C010A4CFEDFF,1,PHAM,24,1,,11.0,6.0,5.0,15.0,7.5,10.0,54.5,caution,Vitamin E 303 mg/day,high,yes,https://ods.od.nih.gov/factsheets/VitaminE-HealthProfessional/; https://www.fda.gov/safety/recalls-market-withdrawals-safety-alerts,"The dose is far above nutritional need and broad preventive trials do not support routine high-dose vitamin E; bleeding-related safety concerns make the actual dose poorly proportionate to evidence. Verification 7.5 = neutral, nothing establishable. No separate catalog-level recall, contamination, adulteration, or substantiated manufacturing-quality signal was identified in this review.",none
PG-EFB27830A227,1,PHAM,25,1,,13.0,13.0,13.0,6.0,12.5,10.0,67.5,no_known_catalog_concern,,moderate,no,PMID 28698222; PMID 35187864; https://ods.od.nih.gov/factsheets/ExerciseAndAthleticPerformance-HealthProfessional/; https://www.fda.gov/safety/recalls-market-withdrawals-safety-alerts; PMID 28852372; PMID 38241335; https://choice.wetestyoutrust.com/certified-products,"The disclosed BCAA/leucine amounts are plausible at the two-serving maximum and protein research is favorable, but the actual protein amount and multiple complex totals are opaque. The exact product is present in an official Informed Choice listing; this is strong product-specific banned-substance testing but narrower than comprehensive identity/potency certification. No separate catalog-level recall, contamination, adulteration, or substantiated manufacturing-quality signal was identified in this review.",none
PG-477EA41A3F43,1,PHAM,26,1,,10.0,8.0,3.0,15.0,7.5,10.0,53.5,no_known_catalog_concern,,low,yes,PMID 33473242; https://pubmed.ncbi.nlm.nih.gov/?term=myrrh+oral+supplement+human+trial; https://www.fda.gov/safety/recalls-market-withdrawals-safety-alerts,"Human research is mainly topical or oral-health focused and is not directly comparable to a 650 mg swallowed supplement for an unspecified intended use. Verification 7.5 = neutral, nothing establishable. No separate catalog-level recall, contamination, adulteration, or substantiated manufacturing-quality signal was identified in this review.",none
PG-77190ED8D127,1,PHAM,27,1,,12.0,10.0,10.0,6.0,7.5,10.0,55.5,no_known_catalog_concern,,low,no,https://ods.od.nih.gov/factsheets/Probiotics-HealthProfessional/; PMID 29868585; https://www.fda.gov/safety/recalls-market-withdrawals-safety-alerts,"Named strains improve formulation specificity, but CFU allocation and blend totals are not disclosed; probiotic benefits are strain- and indication-specific, so evidence comparability remains partial. Verification 7.5 = neutral, nothing establishable. No separate catalog-level recall, contamination, adulteration, or substantiated manufacturing-quality signal was identified in this review.",none
PG-1C15B3200B41,1,PHAM,28,1,,16.0,17.0,16.0,12.0,7.5,10.0,78.5,no_known_catalog_concern,,low,no,https://ods.od.nih.gov/factsheets/Omega3FattyAcids-HealthProfessional/; https://www.fda.gov/safety/recalls-market-withdrawals-safety-alerts,"EPA plus DHA totals 685 mg and is clinically plausible, but the total fish-oil quantity/unit is missing; the sustainability certification does not verify product content. Friend of the Sea addresses sourcing sustainability, not product-specific identity, potency, oxidation, or contaminant verification. Verification 7.5 = neutral, nothing establishable. No separate catalog-level recall, contamination, adulteration, or substantiated manufacturing-quality signal was identified in this review.",none
PG-1CD23F9FB8B8,1,PHAM,29,1,,8.0,3.0,5.0,15.0,7.5,10.0,48.5,caution,Niacin 345 mg/day at the three-serving maximum; mixed niacin/niacinamide exposure,high,yes,https://dsld.od.nih.gov/label/53874; https://ods.od.nih.gov/factsheets/Niacin-HealthProfessional/; https://ods.od.nih.gov/factsheets/VitaminA-HealthProfessional/; https://www.nccih.nih.gov/health/goldenseal; https://www.fda.gov/safety/recalls-market-withdrawals-safety-alerts,"At the required three-serving maximum, niacin reaches 345 mg/day; the label identifies both niacinamide and niacin, so the regimen is pharmacologic and warrants caution rather than an automatic 'unsafe' call. The intended blood-sugar/metabolic formula has limited formula-level outcome evidence. Verification 7.5 = neutral, nothing establishable. No separate catalog-level recall, contamination, adulteration, or substantiated manufacturing-quality signal was identified in this review.",none
PG-4F2B50E00EED,1,PHAM,30,1,,15.0,14.0,10.0,12.0,12.5,10.0,73.5,no_known_catalog_concern,,low,no,https://www.gardenoflife.com/dr-formulated-quercetin-immune; https://ods.od.nih.gov/factsheets/Zinc-HealthProfessional/; https://ods.od.nih.gov/factsheets/ImmuneFunction-HealthProfessional/; https://choice.wetestyoutrust.com/certified-products; https://www.fda.gov/safety/recalls-market-withdrawals-safety-alerts,"The file's 'zinc 90 mg = 100% DV' is internally incompatible with the U.S. Daily Value and with the current exact product, so I treated that figure as an extraction defect rather than a true 90-mg dose. Quercetin 500 mg is plausible but immune-outcome evidence remains mixed. The exact product is listed by Informed Choice; this is meaningful product-specific testing but narrower than full identity/potency certification. No separate catalog-level recall, contamination, adulteration, or substantiated manufacturing-quality signal was identified in this review.",none
PG-9634533A61D6,1,PHAM,31,1,,12.0,10.0,8.0,10.0,7.5,10.0,57.5,not_assessed,,low,no,https://ods.od.nih.gov/factsheets/MVMS-HealthProfessional/; https://ods.od.nih.gov/factsheets/VitaminB6-HealthProfessional/; https://ods.od.nih.gov/factsheets/Niacin-HealthProfessional/; https://ods.od.nih.gov/factsheets/VitaminA-HealthProfessional/; https://ods.od.nih.gov/factsheets/VitaminD-HealthProfessional/; https://ods.od.nih.gov/factsheets/VitaminE-HealthProfessional/; https://ods.od.nih.gov/factsheets/Zinc-HealthProfessional/; https://ods.od.nih.gov/factsheets/Magnesium-HealthProfessional/; https://www.fda.gov/safety/recalls-market-withdrawals-safety-alerts; https://www.nccih.nih.gov/health/turmeric,"The broad meal-replacement concept is coherent, but the extracted vitamin E and other total/component entries are internally duplicated, preventing a reliable maximum-dose safety adjudication. Evidence for the numerous added botanicals is mixed and several are below study-comparable doses. Verification 7.5 = neutral, nothing establishable. No separate catalog-level recall, contamination, adulteration, or substantiated manufacturing-quality signal was identified in this review.",none
PG-4E6E70CADB83,1,PHAM,32,1,,15.0,11.0,15.0,8.0,7.5,10.0,66.5,no_known_catalog_concern,,low,no,PMID 28698222; PMID 35187864; https://ods.od.nih.gov/factsheets/ExerciseAndAthleticPerformance-HealthProfessional/; https://www.fda.gov/safety/recalls-market-withdrawals-safety-alerts,"Whey concentrate and a stated 25 g protein target are directly supported by favorable protein research, but the extracted active table omits protein and includes known zero-quantity gaps. Verification 7.5 = neutral, nothing establishable. No separate catalog-level recall, contamination, adulteration, or substantiated manufacturing-quality signal was identified in this review.",none
PG-649072F3F9EE,1,PHAM,33,1,,11.0,9.0,3.0,15.0,7.5,10.0,55.5,no_known_catalog_concern,,low,yes,https://pubmed.ncbi.nlm.nih.gov/?term=parsley+supplementation+human+clinical+trial; https://www.fda.gov/safety/recalls-market-withdrawals-safety-alerts,"The single-herb formula is clear, but directly comparable human trials for 1–2 g/day parsley and an identifiable intended use are sparse. Verification 7.5 = neutral, nothing establishable. No separate catalog-level recall, contamination, adulteration, or substantiated manufacturing-quality signal was identified in this review.",none
PG-5480DE1C70F8,1,PHAM,34,1,,14.0,5.0,8.0,15.0,7.5,10.0,59.5,caution,Maximum regimen supplies niacin 216 mg/day and vitamin B6 33.4 mg/day,high,yes,https://ods.od.nih.gov/factsheets/VitaminB6-HealthProfessional/; https://ods.od.nih.gov/factsheets/Niacin-HealthProfessional/; https://ods.od.nih.gov/factsheets/VitaminB12-HealthProfessional/; https://ods.od.nih.gov/factsheets/Folate-HealthProfessional/; https://www.fda.gov/safety/recalls-market-withdrawals-safety-alerts,"The formulation is coherent, but the two-capsule maximum creates pharmacologic B-vitamin exposure; evidence supports deficiency treatment, not routine megadosing for an unspecified goal. Verification 7.5 = neutral, nothing establishable. No separate catalog-level recall, contamination, adulteration, or substantiated manufacturing-quality signal was identified in this review.",none
PG-93DEE7631A90,1,PHAM,35,1,,16.0,17.0,14.0,12.0,7.5,10.0,76.5,not_assessed,,low,no,PMID 28852372; PMID 38241335; https://ods.od.nih.gov/factsheets/ExerciseAndAthleticPerformance-HealthProfessional/; https://www.fda.gov/safety/recalls-market-withdrawals-safety-alerts; PMID 28615996; PMID 39699070; PMID 34743773,"The larger disclosed set contains study-comparable creatine, HMB, betaine and BCAA doses, but the file appears to include both full- and half-serving quantities in the same record. That prevents confident dose/safety adjudication. Verification 7.5 = neutral, nothing establishable. No separate catalog-level recall, contamination, adulteration, or substantiated manufacturing-quality signal was identified in this review.",none
PG-723E253A1BDE,1,PHAM,36,1,,16.0,17.0,15.0,10.0,7.5,10.0,75.5,no_known_catalog_concern,,low,no,https://ods.od.nih.gov/factsheets/Omega3FattyAcids-HealthProfessional/; https://www.fda.gov/safety/recalls-market-withdrawals-safety-alerts,"EPA plus DHA totals 1.22 g and is clinically plausible, but two fish-oil identities lack amounts/units and the phospholipid-source blend is only partly disclosed. Verification 7.5 = neutral, nothing establishable. No separate catalog-level recall, contamination, adulteration, or substantiated manufacturing-quality signal was identified in this review.",none
PG-7BF4C151BCD5,1,PHAM,37,1,,9.0,8.0,7.0,15.0,7.5,10.0,56.5,caution,Maximum regimen combines 5-HTP 300 mg with multiple neuroactive ingredients,high,yes,PMID 11869656; PMID 33041752; PMID 31758301; https://www.nccih.nih.gov/health/rhodiola; https://www.nccih.nih.gov/health/passionflower; https://www.fda.gov/safety/recalls-market-withdrawals-safety-alerts,"Evidence is mixed or limited for 5-HTP, oral GABA, and multi-ingredient mood formulas, and no trial closely matches this seven-active combination at the three-capsule maximum. Verification 7.5 = neutral, nothing establishable. No separate catalog-level recall, contamination, adulteration, or substantiated manufacturing-quality signal was identified in this review.",none
PG-DB610C0D5410,1,PHAM,38,1,,10.0,4.0,7.0,5.0,7.5,10.0,43.5,not_assessed,,low,no,https://ods.od.nih.gov/factsheets/Probiotics-HealthProfessional/; PMID 29868585; https://www.fda.gov/safety/recalls-market-withdrawals-safety-alerts,"Species are disclosed, but strain-level quantities and CFU are absent; probiotic evidence cannot be transferred reliably without strain, dose, and intended-use comparability. Verification 7.5 = neutral, nothing establishable. No separate catalog-level recall, contamination, adulteration, or substantiated manufacturing-quality signal was identified in this review.",none
PG-5540B9BE5D5A,1,PHAM,39,1,,12.0,11.0,9.0,11.0,7.5,10.0,60.5,caution,"Chromium 1,000 mcg/day with uncertain benefit and limited long-term safety data",high,yes,PMID 28852372; PMID 38241335; https://ods.od.nih.gov/factsheets/ExerciseAndAthleticPerformance-HealthProfessional/; https://www.fda.gov/safety/recalls-market-withdrawals-safety-alerts; PMID 34743773; https://ods.od.nih.gov/factsheets/Chromium-HealthProfessional/,"The 10 g BCAA and 2.5 g betaine doses are plausible, but incremental BCAA benefit is mixed and the unusually high chromium dose is not proportionate to established performance evidence. Verification 7.5 = neutral, nothing establishable. No separate catalog-level recall, contamination, adulteration, or substantiated manufacturing-quality signal was identified in this review.",none
PG-27F7990EDD5A,1,PHAM,40,1,,11.0,4.0,6.0,6.0,7.5,10.0,44.5,not_assessed,,low,no,https://ods.od.nih.gov/factsheets/Probiotics-HealthProfessional/; PMID 29868585; https://www.fda.gov/safety/recalls-market-withdrawals-safety-alerts,"A strain identifier is supplied, but viable count and strain amount are not; human evidence cannot be compared to this product dose or an unstated intended use. Verification 7.5 = neutral, nothing establishable. No separate catalog-level recall, contamination, adulteration, or substantiated manufacturing-quality signal was identified in this review.",none
PG-6B5C78DF8E99,1,PHAM,41,1,,8.0,8.0,10.0,15.0,7.5,10.0,58.5,caution,Black cohosh 160 mg without extract standardization or identity verification,moderate,yes,https://www.nccih.nih.gov/health/black-cohosh; https://www.fda.gov/safety/recalls-market-withdrawals-safety-alerts,"Black cohosh research is directionally favorable for some menopausal symptoms, but results are product-extract specific and this 160 mg material is not standardized; rare liver-injury and adulteration concerns warrant caution. Verification 7.5 = neutral, nothing establishable. No separate catalog-level recall, contamination, adulteration, or substantiated manufacturing-quality signal was identified in this review.",none
PG-4B2D70E06B73,1,PHAM,42,1,,12.0,12.0,7.0,14.0,7.5,10.0,62.5,no_known_catalog_concern,,moderate,yes,https://www.nccih.nih.gov/health/elderberry; https://ods.od.nih.gov/factsheets/ImmuneFunction-HealthProfessional/; https://www.fda.gov/safety/recalls-market-withdrawals-safety-alerts,"Vitamin C and zinc are moderate, but elderberry respiratory evidence is limited and the 50 mg extract versus 1,750 mg fruit equivalence is not fully characterized. Verification 7.5 = neutral, nothing establishable. No separate catalog-level recall, contamination, adulteration, or substantiated manufacturing-quality signal was identified in this review.",none
PG-2E9C2336183F,1,PHAM,43,1,,13.0,13.0,9.0,15.0,7.5,10.0,67.5,no_known_catalog_concern,,high,yes,https://ods.od.nih.gov/factsheets/Zinc-HealthProfessional/; https://www.nccih.nih.gov/health/echinacea; https://www.nccih.nih.gov/health/elderberry; https://ods.od.nih.gov/factsheets/ImmuneFunction-HealthProfessional/; https://www.fda.gov/safety/recalls-market-withdrawals-safety-alerts,"Zinc 23 mg is below the adult UL and the botanical doses are plausible, but echinacea/elderberry evidence is mixed and formulation-specific rather than directly comparable to this combination. Verification 7.5 = neutral, nothing establishable. No separate catalog-level recall, contamination, adulteration, or substantiated manufacturing-quality signal was identified in this review.",none
PG-C63EFDE88116,1,PHAM,44,1,,7.0,4.0,5.0,6.0,7.5,10.0,39.5,blocked,Butterbur 100 mg with no PA-free processing or certification established,high,yes,https://www.nccih.nih.gov/health/butterbur; https://ods.od.nih.gov/factsheets/ImmuneFunction-HealthProfessional/; https://www.fda.gov/safety/recalls-market-withdrawals-safety-alerts,"Butterbur is the gating issue: only preparations processed to remove pyrrolizidine alkaloids and labeled or certified PA-free should be considered. The file does not establish that prerequisite, so safety is blocked. The proprietary blends also limit dose comparability. Verification 7.5 = neutral, nothing establishable. No separate catalog-level recall, contamination, adulteration, or substantiated manufacturing-quality signal was identified in this review.",none
PG-D8AA753A2379,1,PHAM,45,1,,14.0,5.0,8.0,15.0,15.0,10.0,67,caution,Maximum regimen supplies niacin 240 mg/day and vitamin B6 85.2 mg/day,high,yes,https://ods.od.nih.gov/factsheets/VitaminB6-HealthProfessional/; https://ods.od.nih.gov/factsheets/Niacin-HealthProfessional/; https://ods.od.nih.gov/factsheets/VitaminB12-HealthProfessional/; https://ods.od.nih.gov/factsheets/Folate-HealthProfessional/; https://www.fda.gov/safety/recalls-market-withdrawals-safety-alerts; https://info.nsf.org/Certified/Dietary/Listings.asp?CompanyName=Thorne,"The forms are generally coherent, but the required three-capsule maximum produces high chronic B6 and niacin exposure; evidence supports deficiency correction more than nonspecific stress benefit. The exact product is present in NSF's official product directory, supporting strong product-specific verification. No separate catalog-level recall, contamination, adulteration, or substantiated manufacturing-quality signal was identified in this review.",none
PG-1D9CBDF5812A,1,PHAM,46,1,,8.0,0.0,5.0,12.0,7.5,10.0,42.5,caution,Vitamin B6 105 mg/day plus supplemental magnesium 420 mg/day and zinc 35 mg without copper,moderate,no,https://ods.od.nih.gov/factsheets/MVMS-HealthProfessional/; https://ods.od.nih.gov/factsheets/VitaminB6-HealthProfessional/; https://ods.od.nih.gov/factsheets/Niacin-HealthProfessional/; https://ods.od.nih.gov/factsheets/VitaminA-HealthProfessional/; https://ods.od.nih.gov/factsheets/VitaminD-HealthProfessional/; https://ods.od.nih.gov/factsheets/VitaminE-HealthProfessional/; https://ods.od.nih.gov/factsheets/Zinc-HealthProfessional/; https://ods.od.nih.gov/factsheets/Magnesium-HealthProfessional/; https://www.fda.gov/safety/recalls-market-withdrawals-safety-alerts; https://ods.od.nih.gov/factsheets/Chromium-HealthProfessional/,"The formula simultaneously exceeds the U.S. adult B6 UL, exceeds the supplemental-magnesium UL, and supplies high zinc without copper; broad preventive evidence for such megadosing is weak and many botanical amounts are poorly comparable. Verification 7.5 = neutral, nothing establishable. No separate catalog-level recall, contamination, adulteration, or substantiated manufacturing-quality signal was identified in this review.",none
PG-695DB97F8B65,1,PHAM,47,1,,14.0,9.0,12.0,15.0,7.5,10.0,67.5,caution,"Caffeine 300 mg plus theobromine 200 mg, huperzine 200 mcg, and vitamin B6 60 mg",high,yes,https://ods.od.nih.gov/factsheets/ExerciseAndAthleticPerformance-HealthProfessional/; https://www.fda.gov/consumers/consumer-updates/spilling-beans-how-much-caffeine-too-much; https://ods.od.nih.gov/factsheets/VitaminB6-HealthProfessional/; PMID 26175657; PMID 31977835; PMID 34176406; PMID 34743773; https://www.ncbi.nlm.nih.gov/books/NBK78415/; https://www.fda.gov/safety/recalls-market-withdrawals-safety-alerts,"Citrulline and beta-alanine doses are near studied ranges, but strength/performance findings are mixed and the combined stimulant/cholinergic exposure narrows the safety margin. Verification 7.5 = neutral, nothing establishable. No separate catalog-level recall, contamination, adulteration, or substantiated manufacturing-quality signal was identified in this review.",none
PG-2BD9B19A0579,1,PHAM,48,1,,8.0,6.0,6.0,7.0,7.5,10.0,44.5,caution,Two-serving maximum creates very high amino-acid/calcium exposure plus an undisclosed skullcap/cutch blend,low,no,PMID 28698222; PMID 35187864; https://ods.od.nih.gov/factsheets/ExerciseAndAthleticPerformance-HealthProfessional/; https://www.fda.gov/safety/recalls-market-withdrawals-safety-alerts; PMID 28852372; PMID 38241335; https://ods.od.nih.gov/factsheets/Calcium-HealthProfessional/,"Protein/amino-acid evidence is directionally favorable, but the maximum doubles an already extreme amino-acid load and key botanical amounts are hidden; no comparable human trial supports the whole formula. Verification 7.5 = neutral, nothing establishable. No separate catalog-level recall, contamination, adulteration, or substantiated manufacturing-quality signal was identified in this review.",none
PG-C713BDB0F7EE,1,PHAM,49,1,,8.0,4.0,5.0,9.0,7.5,10.0,43.5,not_assessed,,low,no,https://ods.od.nih.gov/factsheets/Probiotics-HealthProfessional/; PMID 29868585; https://www.fda.gov/safety/recalls-market-withdrawals-safety-alerts,"Bacillus species are named by mass rather than viable count or strain, so the label cannot be matched to strain-specific probiotic efficacy or safety evidence. Verification 7.5 = neutral, nothing establishable. No separate catalog-level recall, contamination, adulteration, or substantiated manufacturing-quality signal was identified in this review.",none
PG-11E2CA6057D3,1,PHAM,50,1,,13.0,10.0,11.0,7.0,7.5,10.0,58.5,no_known_catalog_concern,,moderate,no,https://ods.od.nih.gov/factsheets/Probiotics-HealthProfessional/; PMID 29868585; https://www.fda.gov/safety/recalls-market-withdrawals-safety-alerts,"Multiple strains are identified and the product name states 25 billion CFU, but per-strain CFU and serving-basis details are not in the extracted facts; evidence is therefore only partly comparable. Verification 7.5 = neutral, nothing establishable. No separate catalog-level recall, contamination, adulteration, or substantiated manufacturing-quality signal was identified in this review.",none
PG-29AD138914AC,1,PHAM,51,1,,14.0,9.0,12.0,15.0,7.5,10.0,67.5,caution,"Caffeine 300 mg plus theobromine 200 mg, huperzine 200 mcg, and vitamin B6 60 mg",high,yes,https://ods.od.nih.gov/factsheets/ExerciseAndAthleticPerformance-HealthProfessional/; https://www.fda.gov/consumers/consumer-updates/spilling-beans-how-much-caffeine-too-much; https://ods.od.nih.gov/factsheets/VitaminB6-HealthProfessional/; PMID 26175657; PMID 31977835; PMID 34176406; PMID 34743773; https://www.ncbi.nlm.nih.gov/books/NBK78415/; https://www.fda.gov/safety/recalls-market-withdrawals-safety-alerts,"Citrulline and beta-alanine doses are near studied ranges, but strength/performance findings are mixed and the combined stimulant/cholinergic exposure narrows the safety margin. Verification 7.5 = neutral, nothing establishable. No separate catalog-level recall, contamination, adulteration, or substantiated manufacturing-quality signal was identified in this review.",none
PG-95C76F9CEBC8,1,PHAM,52,1,,8.0,5.0,9.0,12.0,7.5,10.0,51.5,caution,Yohimbe bark 50 mg combined with caffeine 300 mg; yohimbine content is not quantified,high,yes,https://ods.od.nih.gov/factsheets/ExerciseAndAthleticPerformance-HealthProfessional/; https://www.fda.gov/consumers/consumer-updates/spilling-beans-how-much-caffeine-too-much; https://ods.od.nih.gov/factsheets/VitaminB6-HealthProfessional/; PMID 26175657; PMID 31977835; PMID 34176406; PMID 34743773; https://www.ncbi.nlm.nih.gov/books/NBK78415/; https://www.fda.gov/safety/recalls-market-withdrawals-safety-alerts; https://www.nccih.nih.gov/health/yohimbe; https://choice.wetestyoutrust.com/certified-products,"Several performance ingredients are plausible, but yohimbe has limited efficacy evidence, highly variable yohimbine content, and an official safety signal for arrhythmia, blood-pressure problems, myocardial infarction and seizures. Because the label gives bark mass rather than yohimbine dose, this is a strong caution rather than a mechanically 'unsafe' classification. Verification 7.5 = partial/mixed: named Informed Choice program claim exists, but the exact legacy product/formula was not independently confirmed. No separate catalog-level recall, contamination, adulteration, or substantiated manufacturing-quality signal was identified in this review.",none
PG-F1F4A29ACC94,1,PHAM,53,1,,10.0,7.0,9.0,11.0,7.5,10.0,54.5,caution,Supplemental magnesium 580 mg/day plus guanidinoacetate 1 g/day,low,no,PMID 28698222; PMID 35187864; https://ods.od.nih.gov/factsheets/ExerciseAndAthleticPerformance-HealthProfessional/; https://www.fda.gov/safety/recalls-market-withdrawals-safety-alerts; PMID 28615996; PMID 28852372; PMID 38241335; https://ods.od.nih.gov/factsheets/Magnesium-HealthProfessional/,"Protein, creatine, and BCAA evidence is directionally favorable, but several overlapping totals and a missing oat-fiber unit complicate reconstruction; magnesium substantially exceeds the supplemental UL. Verification 7.5 = neutral, nothing establishable. No separate catalog-level recall, contamination, adulteration, or substantiated manufacturing-quality signal was identified in this review.",none
PG-9F1484B84FC8,1,PHAM,54,1,,12.0,3.0,9.0,4.0,7.5,10.0,45.5,not_assessed,,low,no,https://ods.od.nih.gov/factsheets/Probiotics-HealthProfessional/; PMID 29868585; https://www.fda.gov/safety/recalls-market-withdrawals-safety-alerts,"Several clinically recognizable strains are named, but the blend amount, unit, and CFU are missing, so dose and evidence comparability cannot be judged. Verification 7.5 = neutral, nothing establishable. No separate catalog-level recall, contamination, adulteration, or substantiated manufacturing-quality signal was identified in this review.",none
PG-6551FC6AB919,1,PHAM,55,1,,9.0,6.0,4.0,15.0,7.5,10.0,51.5,caution,"Biotin 2,500 mcg/day may materially interfere with some laboratory assays",high,yes,https://ods.od.nih.gov/factsheets/Biotin-HealthProfessional/; https://www.fda.gov/medical-devices/in-vitro-diagnostics/biotin-interference-troponin-lab-tests-assays-subject-biotin-interference; https://www.fda.gov/safety/recalls-market-withdrawals-safety-alerts,"Biotin deficiency treatment is supported, but evidence for high-dose biotin in routine hair/nail use is weak; the FDA documents potentially serious laboratory-assay interference. Verification 7.5 = neutral, nothing establishable. No separate catalog-level recall, contamination, adulteration, or substantiated manufacturing-quality signal was identified in this review.",none
PG-F3B4F55D8319,1,PHAM,56,1,,16.0,8.0,12.0,15.0,7.5,10.0,68.5,no_known_catalog_concern,,high,yes,PMID 30239559; https://ods.od.nih.gov/factsheets/Probiotics-HealthProfessional/; https://www.fda.gov/safety/recalls-market-withdrawals-safety-alerts,"The maximum regimen supplies 3 g psyllium daily, below many favorable lipid/glycemic and bowel-regularity trials that commonly use larger doses, so direction is favorable but dose comparability is partial. Verification 7.5 = neutral, nothing establishable. No separate catalog-level recall, contamination, adulteration, or substantiated manufacturing-quality signal was identified in this review.",none
PG-E9F14BA9D91D,1,PHAM,57,1,,14.0,13.0,9.0,15.0,7.5,10.0,68.5,no_known_catalog_concern,,moderate,yes,https://ods.od.nih.gov/factsheets/Omega3FattyAcids-HealthProfessional/; https://ods.od.nih.gov/factsheets/Chromium-HealthProfessional/; PMID 35304727; https://www.fda.gov/safety/recalls-market-withdrawals-safety-alerts,"EPA/DHA and alpha-lipoic acid doses are plausible, but glycemic evidence for chromium/ALA combinations is mixed and does not directly establish benefit for this exact formula. Friend of the Sea addresses sourcing sustainability, not product-specific identity, potency, oxidation, or contaminant verification. Verification 7.5 = neutral, nothing establishable. No separate catalog-level recall, contamination, adulteration, or substantiated manufacturing-quality signal was identified in this review.",none
PG-024D4950CC18,1,PHAM,58,1,,17.0,18.0,16.0,15.0,7.5,10.0,83.5,no_known_catalog_concern,,high,yes,https://ods.od.nih.gov/factsheets/Omega3FattyAcids-HealthProfessional/; https://www.fda.gov/safety/recalls-market-withdrawals-safety-alerts,"EPA plus DHA totals 1.25 g with a fully disclosed fish-oil basis; evidence is favorable for selected cardiometabolic endpoints, although intended use remains unspecified. Verification 7.5 = neutral, nothing establishable. No separate catalog-level recall, contamination, adulteration, or substantiated manufacturing-quality signal was identified in this review.",none
PG-EA24F8F85E58,1,PHAM,59,1,,11.0,10.0,8.0,15.0,7.5,10.0,61.5,no_known_catalog_concern,,high,yes,https://ods.od.nih.gov/factsheets/VitaminB6-HealthProfessional/; https://ods.od.nih.gov/factsheets/Niacin-HealthProfessional/; https://ods.od.nih.gov/factsheets/VitaminB12-HealthProfessional/; https://ods.od.nih.gov/factsheets/Folate-HealthProfessional/; https://www.fda.gov/safety/recalls-market-withdrawals-safety-alerts,"The daily niacin and B6 doses are moderate, while 1,000 mcg B12 is far above need but generally well tolerated; evidence supports deficiency correction more than nonspecific energy benefit. Verification 7.5 = neutral, nothing establishable. No separate catalog-level recall, contamination, adulteration, or substantiated manufacturing-quality signal was identified in this review.",none
PG-7FF5F469B005,1,PHAM,60,1,,10.0,8.0,3.0,15.0,7.5,10.0,53.5,caution,"Garcinia 1,000 mg/day at the two-serving maximum; uncommon but potentially severe liver-injury signal",high,yes,https://www.nccih.nih.gov/health/garcinia-cambogia; https://ods.od.nih.gov/factsheets/WeightLoss-HealthProfessional/; https://www.ncbi.nlm.nih.gov/books/NBK548087/; https://www.fda.gov/safety/recalls-market-withdrawals-safety-alerts,"Human weight-loss evidence for garcinia is inconsistent and modest, while NCCIH reports uncommon but sometimes severe liver injury. Under the revised definitions this supports caution, not automatic 'unsafe,' because severe injury is uncommon and not expected from every labeled regimen. Verification 7.5 = neutral, nothing establishable. No separate catalog-level recall, contamination, adulteration, or substantiated manufacturing-quality signal was identified in this review.",none
PG-AAE7B8C4803C,1,PHAM,61,1,,13.0,11.0,8.0,15.0,7.5,10.0,64.5,no_known_catalog_concern,,moderate,yes,PMID 33876798; PMID 23378458; https://ods.od.nih.gov/factsheets/ImmuneFunction-HealthProfessional/; https://www.fda.gov/safety/recalls-market-withdrawals-safety-alerts,"Beta-glucan respiratory evidence is directionally favorable but heterogeneous and source-specific; the 100 mg dose may not be directly comparable to all studied preparations. Verification 7.5 = neutral, nothing establishable. No separate catalog-level recall, contamination, adulteration, or substantiated manufacturing-quality signal was identified in this review.",none
PG-B7FAF442CD30,1,PHAM,62,1,,11.0,8.0,12.0,4.0,7.5,10.0,52.5,not_assessed,,low,no,PMID 28698222; PMID 35187864; https://ods.od.nih.gov/factsheets/ExerciseAndAthleticPerformance-HealthProfessional/; https://www.fda.gov/safety/recalls-market-withdrawals-safety-alerts,"Whey protein evidence is favorable, but neither protein quantity nor amino/enzyme blend totals are disclosed, preventing a product-level dose assessment at the two-serving maximum. Verification 7.5 = neutral, nothing establishable. No separate catalog-level recall, contamination, adulteration, or substantiated manufacturing-quality signal was identified in this review.",none
PG-7404D0F2E692,1,PHAM,63,1,,19.0,18.0,14.0,15.0,12.5,10.0,88.5,caution,Ashwagandha 600 mg/day; short-term evidence with rare liver-injury reports,high,yes,https://www.nccih.nih.gov/health/ashwagandha; https://choice.wetestyoutrust.com/certified-products; https://www.fda.gov/safety/recalls-market-withdrawals-safety-alerts,"KSM-66 at 600 mg is directly comparable to several favorable short-term stress trials, but long-term safety is uncertain and rare liver injury has been reported. The exact product is present in an official Informed Choice listing; this is strong product-specific banned-substance testing but narrower than comprehensive identity/potency certification. No separate catalog-level recall, contamination, adulteration, or substantiated manufacturing-quality signal was identified in this review.",none
PG-513F7290EA3D,1,PHAM,64,1,,10.0,5.0,7.0,15.0,7.5,10.0,54.5,caution,Vitamin B6 50 mg/day and niacin 50 mg/day,high,yes,https://ods.od.nih.gov/factsheets/VitaminB6-HealthProfessional/; https://ods.od.nih.gov/factsheets/Niacin-HealthProfessional/; https://ods.od.nih.gov/factsheets/VitaminB12-HealthProfessional/; https://ods.od.nih.gov/factsheets/Folate-HealthProfessional/; https://www.fda.gov/safety/recalls-market-withdrawals-safety-alerts,"The formula provides pharmacologic B-vitamin exposure; evidence supports correction of deficiency, while direct evidence for routine energy benefit in replete users is limited. Verification 7.5 = neutral, nothing establishable. No separate catalog-level recall, contamination, adulteration, or substantiated manufacturing-quality signal was identified in this review.",none
PG-064FBE2FDBB7,1,PHAM,65,1,,10.0,6.0,8.0,6.0,7.5,10.0,47.5,no_known_catalog_concern,,low,no,PMID 28852372; PMID 38241335; https://ods.od.nih.gov/factsheets/ExerciseAndAthleticPerformance-HealthProfessional/; https://www.fda.gov/safety/recalls-market-withdrawals-safety-alerts; PMID 28698222; PMID 35187864,"Essential amino acids are mechanistically coherent, but the 1.6 g complex is both opaque and low relative to many effective amino-acid/protein doses; evidence is only indirectly comparable. Verification 7.5 = neutral, nothing establishable. No separate catalog-level recall, contamination, adulteration, or substantiated manufacturing-quality signal was identified in this review.",none
PG-66D0CA1DBB43,1,PHAM,66,1,,12.0,11.0,9.0,11.0,7.5,10.0,60.5,caution,"Chromium 1,000 mcg/day with uncertain benefit and limited long-term safety data",high,yes,PMID 28852372; PMID 38241335; https://ods.od.nih.gov/factsheets/ExerciseAndAthleticPerformance-HealthProfessional/; https://www.fda.gov/safety/recalls-market-withdrawals-safety-alerts; PMID 34743773; https://ods.od.nih.gov/factsheets/Chromium-HealthProfessional/,"The 10 g BCAA and 2.5 g betaine doses are plausible, but incremental BCAA benefit is mixed and the unusually high chromium dose is not proportionate to established performance evidence. Verification 7.5 = neutral, nothing establishable. No separate catalog-level recall, contamination, adulteration, or substantiated manufacturing-quality signal was identified in this review.",none
PG-09BD646BF268,1,PHAM,67,1,,16.0,16.0,15.0,15.0,7.5,10.0,79.5,no_known_catalog_concern,,high,yes,https://ods.od.nih.gov/factsheets/Omega3FattyAcids-HealthProfessional/; https://www.fda.gov/safety/recalls-market-withdrawals-safety-alerts,"EPA plus DHA totals 550 mg, a reasonable nutritional dose with favorable direction of evidence for selected endpoints; intended-use specificity remains limited. Friend of the Sea addresses sourcing sustainability, not product-specific identity, potency, oxidation, or contaminant verification. Verification 7.5 = neutral, nothing establishable. No separate catalog-level recall, contamination, adulteration, or substantiated manufacturing-quality signal was identified in this review.",none
PG-810453D1B6DE,1,PHAM,68,1,,9.0,7.0,9.0,12.0,7.5,10.0,54.5,caution,Yohimbe bark 25 mg combined with caffeine 150 mg,high,yes,https://ods.od.nih.gov/factsheets/ExerciseAndAthleticPerformance-HealthProfessional/; https://www.fda.gov/consumers/consumer-updates/spilling-beans-how-much-caffeine-too-much; https://ods.od.nih.gov/factsheets/VitaminB6-HealthProfessional/; PMID 26175657; PMID 31977835; PMID 34176406; PMID 34743773; https://www.ncbi.nlm.nih.gov/books/NBK78415/; https://www.fda.gov/safety/recalls-market-withdrawals-safety-alerts; https://www.nccih.nih.gov/health/yohimbe; https://choice.wetestyoutrust.com/certified-products,"Some performance actives are plausible, but yohimbe efficacy is unproven, yohimbine content is variable, and the stimulant combination creates a clinically material safety concern. Verification 7.5 = partial/mixed: a named testing program or product family was identifiable, but the exact legacy product/formula was not independently confirmed. No separate catalog-level recall, contamination, adulteration, or substantiated manufacturing-quality signal was identified in this review.",none
PG-E6414AD93CD7,1,PHAM,69,1,,15.0,17.0,10.0,15.0,7.5,10.0,74.5,no_known_catalog_concern,,moderate,yes,PMID 40324552; PMID 33742704; https://www.fda.gov/safety/recalls-market-withdrawals-safety-alerts,"The four-serving maximum supplies 10 g collagen, within commonly studied ranges, but recent high-quality analyses question robustness and porcine/source-specific comparability is uncertain. Verification 7.5 = neutral, nothing establishable. No separate catalog-level recall, contamination, adulteration, or substantiated manufacturing-quality signal was identified in this review.",none
PG-6E40D3FAE99F,1,PHAM,70,1,,14.0,9.0,12.0,15.0,7.5,10.0,67.5,caution,"Caffeine 300 mg plus theobromine 200 mg, huperzine 200 mcg, and vitamin B6 60 mg",low,no,https://ods.od.nih.gov/factsheets/ExerciseAndAthleticPerformance-HealthProfessional/; https://www.fda.gov/consumers/consumer-updates/spilling-beans-how-much-caffeine-too-much; https://ods.od.nih.gov/factsheets/VitaminB6-HealthProfessional/; PMID 26175657; PMID 31977835; PMID 34176406; PMID 34743773; https://www.ncbi.nlm.nih.gov/books/NBK78415/; https://www.fda.gov/safety/recalls-market-withdrawals-safety-alerts,"Assuming one serving as directed by the protocol, citrulline and beta-alanine are near studied ranges but findings are mixed; the combined stimulant/cholinergic exposure warrants caution, and the broken frequency lowers confidence. Verification 7.5 = neutral, nothing establishable. No separate catalog-level recall, contamination, adulteration, or substantiated manufacturing-quality signal was identified in this review.",none
PG-63E1BA8D0D21,1,PHAM,71,1,,16.0,16.0,15.0,15.0,7.5,10.0,79.5,no_known_catalog_concern,,high,yes,https://ods.od.nih.gov/factsheets/Omega3FattyAcids-HealthProfessional/; https://ods.od.nih.gov/factsheets/VitaminD-HealthProfessional/; https://www.fda.gov/safety/recalls-market-withdrawals-safety-alerts,"EPA plus DHA totals 550 mg with 12.5 mcg vitamin D, a reasonable nutritional combination; evidence is favorable directionally but not tied to a stated clinical indication. Friend of the Sea addresses sourcing sustainability, not product-specific identity, potency, oxidation, or contaminant verification. Verification 7.5 = neutral, nothing establishable. No separate catalog-level recall, contamination, adulteration, or substantiated manufacturing-quality signal was identified in this review.",none
PG-54FEC5F192F8,1,PHAM,72,1,,12.0,11.0,10.0,6.0,7.5,10.0,56.5,no_known_catalog_concern,,low,no,https://ods.od.nih.gov/factsheets/Probiotics-HealthProfessional/; PMID 29868585; https://www.fda.gov/safety/recalls-market-withdrawals-safety-alerts; PMID 30109908,"The GOS dose reaches 2.74 g/day and is plausible, while named LAB4 strains improve specificity; however, viable counts and blend allocation are absent, limiting direct comparability. Verification 7.5 = neutral, nothing establishable. No separate catalog-level recall, contamination, adulteration, or substantiated manufacturing-quality signal was identified in this review.",none
PG-26B55677FA72,1,PHAM,73,1,,13.0,17.0,9.0,15.0,7.5,10.0,71.5,no_known_catalog_concern,,high,yes,https://ods.od.nih.gov/factsheets/VitaminB6-HealthProfessional/; https://ods.od.nih.gov/factsheets/Niacin-HealthProfessional/; https://ods.od.nih.gov/factsheets/VitaminB12-HealthProfessional/; https://ods.od.nih.gov/factsheets/Folate-HealthProfessional/; https://www.fda.gov/safety/recalls-market-withdrawals-safety-alerts,"Most B vitamins are near daily values and dosing is proportionate, but evidence for extra energy in nutritionally replete users is limited despite sound deficiency-prevention rationale. Verification 7.5 = neutral, nothing establishable. No separate catalog-level recall, contamination, adulteration, or substantiated manufacturing-quality signal was identified in this review.",none
PG-E032C859178D,1,PHAM,74,1,,12.0,11.0,9.0,11.0,7.5,10.0,60.5,caution,"Chromium 1,000 mcg/day with uncertain benefit and limited long-term safety data",high,yes,PMID 28852372; PMID 38241335; https://ods.od.nih.gov/factsheets/ExerciseAndAthleticPerformance-HealthProfessional/; https://www.fda.gov/safety/recalls-market-withdrawals-safety-alerts; PMID 34743773; https://ods.od.nih.gov/factsheets/Chromium-HealthProfessional/,"The 10 g BCAA and 2.5 g betaine doses are plausible, but incremental BCAA benefit is mixed and the unusually high chromium dose is not proportionate to established performance evidence. Verification 7.5 = neutral, nothing establishable. No separate catalog-level recall, contamination, adulteration, or substantiated manufacturing-quality signal was identified in this review.",none
PG-671E47AADA59,1,PHAM,75,1,,13.0,16.0,14.0,7.0,7.5,10.0,67.5,no_known_catalog_concern,,moderate,no,PMID 28615996; https://ods.od.nih.gov/factsheets/ExerciseAndAthleticPerformance-HealthProfessional/; https://www.fda.gov/safety/recalls-market-withdrawals-safety-alerts; https://choice.wetestyoutrust.com/certified-products,"The total 5 g creatine blend matches effective creatine dosing, but component forms and amounts are hidden and evidence is strongest specifically for creatine monohydrate. Verification 7.5 = partial/mixed: a named testing program or product family was identifiable, but the exact legacy product/formula was not independently confirmed. No separate catalog-level recall, contamination, adulteration, or substantiated manufacturing-quality signal was identified in this review.",none
PG-2CB66194BCEE,1,PHAM,76,1,,12.0,7.0,9.0,7.0,7.5,10.0,52.5,not_assessed,,low,no,https://ods.od.nih.gov/factsheets/Probiotics-HealthProfessional/; PMID 29868585; https://www.fda.gov/safety/recalls-market-withdrawals-safety-alerts,"A broad species list is provided, but no CFU total or strain allocation is shown; probiotic evidence is strain-, dose-, and indication-specific, so efficacy and safety comparability remain weak. Verification 7.5 = neutral, nothing establishable. No separate catalog-level recall, contamination, adulteration, or substantiated manufacturing-quality signal was identified in this review.",none
PG-CF4E0B6A83AC,1,PHAM,77,1,,16.0,13.0,13.0,15.0,7.5,10.0,74.5,no_known_catalog_concern,,low,no,PMID 35297467; PMID 25843197; https://www.fda.gov/safety/recalls-market-withdrawals-safety-alerts,"Assuming one serving as required, 3.2 g partially hydrolyzed guar is a plausible but modest dose with favorable bowel-function evidence; the broken frequency lowers confidence. Verification 7.5 = neutral, nothing establishable. No separate catalog-level recall, contamination, adulteration, or substantiated manufacturing-quality signal was identified in this review.",none
PG-023E4313E170,1,PHAM,78,1,,15.0,15.0,18.0,14.0,7.5,10.0,79.5,caution,"Vitamin A 2,400 mcg with form unspecified and folate 1,000 mcg at the adult supplemental UL boundary",high,yes,https://ods.od.nih.gov/factsheets/Pregnancy-HealthProfessional/; https://ods.od.nih.gov/factsheets/Folate-HealthProfessional/; https://ods.od.nih.gov/factsheets/Iron-HealthProfessional/; https://ods.od.nih.gov/factsheets/VitaminA-HealthProfessional/; https://ods.od.nih.gov/factsheets/Choline-HealthProfessional/; PMID 32075071; https://www.fda.gov/safety/recalls-market-withdrawals-safety-alerts,"The formula broadly matches prenatal evidence and iron is well calibrated, but vitamin A form is unspecified, folate is high, and choline remains low; intended-use comparability is otherwise strong. Verification 7.5 = neutral, nothing establishable. No separate catalog-level recall, contamination, adulteration, or substantiated manufacturing-quality signal was identified in this review.",none
PG-2A6B099D369A,1,PHAM,79,1,,13.0,14.0,12.0,10.0,7.5,10.0,66.5,no_known_catalog_concern,,moderate,yes,https://ods.od.nih.gov/factsheets/MVMS-HealthProfessional/; https://ods.od.nih.gov/factsheets/VitaminA-HealthProfessional/; https://ods.od.nih.gov/factsheets/VitaminC-HealthProfessional/; https://ods.od.nih.gov/factsheets/VitaminD-HealthProfessional/; https://ods.od.nih.gov/factsheets/Iron-HealthProfessional/; https://ods.od.nih.gov/factsheets/Iodine-HealthProfessional/; https://www.fda.gov/safety/recalls-market-withdrawals-safety-alerts,"Core vitamin/mineral doses are generally age-plausible, but the target child age is not stated and the extensive fruit/vegetable blend is nonquantified and unlikely to add study-comparable benefit. Verification 7.5 = neutral, nothing establishable. No separate catalog-level recall, contamination, adulteration, or substantiated manufacturing-quality signal was identified in this review.",none
PG-97871A89AC38,1,PHAM,80,1,,13.0,13.0,11.0,15.0,7.5,10.0,69.5,no_known_catalog_concern,,high,yes,https://ods.od.nih.gov/factsheets/ExerciseAndAthleticPerformance-HealthProfessional/; PMID 26175657; PMID 28852372; PMID 38241335; https://www.fda.gov/safety/recalls-market-withdrawals-safety-alerts; PMID 31977835,"Beta-alanine is study-comparable and BCAA dosing is plausible, but arginine/citrulline are low relative to many performance trials and the combined formula lacks direct human testing. Verification 7.5 = neutral, nothing establishable. No separate catalog-level recall, contamination, adulteration, or substantiated manufacturing-quality signal was identified in this review.",none
PG-6FE4012DDE66,1,PHAM,81,1,,15.0,12.0,12.0,15.0,12.5,10.0,76.5,caution,Caffeine 180 mg plus huperzine 100 mcg; serving-frequency defect lowers certainty,low,no,https://ods.od.nih.gov/factsheets/ExerciseAndAthleticPerformance-HealthProfessional/; https://www.fda.gov/consumers/consumer-updates/spilling-beans-how-much-caffeine-too-much; https://ods.od.nih.gov/factsheets/VitaminB6-HealthProfessional/; PMID 26175657; PMID 31977835; PMID 34176406; PMID 34743773; https://www.ncbi.nlm.nih.gov/books/NBK78415/; https://www.fda.gov/safety/recalls-market-withdrawals-safety-alerts; https://ods.od.nih.gov/factsheets/Iodine-HealthProfessional/; https://ods.od.nih.gov/factsheets/Chromium-HealthProfessional/; https://choice.wetestyoutrust.com/certified-products,"Assuming one serving, citrulline is study-comparable while beta-alanine/betaine are somewhat low; human evidence is mixed and the stimulant/cholinergic combination warrants caution. The exact product is present in an official Informed Choice listing; this is strong product-specific banned-substance testing but narrower than comprehensive identity/potency certification. No separate catalog-level recall, contamination, adulteration, or substantiated manufacturing-quality signal was identified in this review.",none
PG-FEAE0BAEC6CC,1,PHAM,82,1,,20.0,19.0,19.0,15.0,12.5,10.0,95.5,no_known_catalog_concern,,high,yes,PMID 28615996; https://ods.od.nih.gov/factsheets/ExerciseAndAthleticPerformance-HealthProfessional/; https://www.fda.gov/safety/recalls-market-withdrawals-safety-alerts; https://choice.wetestyoutrust.com/ja/node/50106; https://choice.wetestyoutrust.com/certified-products,"Five grams of creatine monohydrate is directly comparable to extensive favorable efficacy and safety evidence, with complete ingredient disclosure. The exact product is present in an official Informed Choice listing; this is strong product-specific banned-substance testing but narrower than comprehensive identity/potency certification. No separate catalog-level recall, contamination, adulteration, or substantiated manufacturing-quality signal was identified in this review.",none
PG-A00BA302A81F,1,PHAM,83,1,,18.0,14.0,17.0,15.0,7.5,10.0,81.5,no_known_catalog_concern,,high,yes,PMID 28615996; https://ods.od.nih.gov/factsheets/ExerciseAndAthleticPerformance-HealthProfessional/; https://www.fda.gov/safety/recalls-market-withdrawals-safety-alerts,"Creatine monohydrate is the best-supported form, but 2.8 g/day is slightly below the common 3–5 g maintenance range; evidence remains substantially comparable. Verification 7.5 = neutral, nothing establishable. No separate catalog-level recall, contamination, adulteration, or substantiated manufacturing-quality signal was identified in this review.",none
PG-0D23AB17C2A2,1,PHAM,84,1,,18.0,17.0,18.0,15.0,7.5,10.0,85.5,no_known_catalog_concern,,high,yes,PMID 28615996; https://ods.od.nih.gov/factsheets/ExerciseAndAthleticPerformance-HealthProfessional/; https://www.fda.gov/safety/recalls-market-withdrawals-safety-alerts,"Creatine monohydrate 3.5 g/day sits within an evidence-supported maintenance range and is directly comparable to favorable human performance data. Verification 7.5 = neutral, nothing establishable. No separate catalog-level recall, contamination, adulteration, or substantiated manufacturing-quality signal was identified in this review.",none
PG-01FF3E30FBEE,1,PHAM,85,1,,16.0,8.0,10.0,15.0,15.0,10.0,74,no_known_catalog_concern,,high,yes,PMID 35297467; PMID 25843197; https://info.nsf.org/Certified/Dietary/Listings.asp?CompanyName=Thorne; https://www.fda.gov/safety/recalls-market-withdrawals-safety-alerts,"The fiber blend is coherent, but only selected components have directly comparable human evidence and total fermentable-fiber contribution is lower than many clinical trials. The exact product is present in NSF's official product directory, supporting strong product-specific verification. No separate catalog-level recall, contamination, adulteration, or substantiated manufacturing-quality signal was identified in this review.",none
PG-7D12FCA504AD,1,PHAM,86,1,,19.0,17.0,16.0,15.0,15.0,10.0,92,caution,Curcumin phytosome 2 g/day at the two-serving maximum; rare liver-injury signal,high,yes,PMID 27533649; PMID 34331696; https://www.nccih.nih.gov/health/turmeric; https://www.ncbi.nlm.nih.gov/books/NBK548561/; https://info.nsf.org/Certified/Dietary/Listings.asp?CompanyName=Thorne; https://www.fda.gov/safety/recalls-market-withdrawals-safety-alerts,"The phytosome form and dose are closely comparable to favorable musculoskeletal trials, but the maximum is high-bioavailability curcumin and rare hepatotoxicity has been reported. The exact product is present in NSF's official product directory, supporting strong product-specific verification. No separate catalog-level recall, contamination, adulteration, or substantiated manufacturing-quality signal was identified in this review.",none
PG-792FF8A754FD,1,PHAM,87,1,,17.0,10.0,11.0,15.0,7.5,10.0,70.5,no_known_catalog_concern,,low,no,PMID 31977835; PMID 34176406; https://ods.od.nih.gov/factsheets/ExerciseAndAthleticPerformance-HealthProfessional/; https://www.fda.gov/safety/recalls-market-withdrawals-safety-alerts,"Assuming one 3 g serving, the dose is plausible but below many 6–8 g performance protocols; systematic reviews show mixed results, and the broken frequency lowers confidence. Verification 7.5 = neutral, nothing establishable. No separate catalog-level recall, contamination, adulteration, or substantiated manufacturing-quality signal was identified in this review.",none
PG-3D30DE8D22F3,1,PHAM,88,1,,19.0,19.0,17.0,15.0,15.0,10.0,95,no_known_catalog_concern,,high,yes,https://ods.od.nih.gov/factsheets/Omega3FattyAcids-HealthProfessional/; https://www.fda.gov/safety/recalls-market-withdrawals-safety-alerts; https://certifications.nutrasource.ca/certified-products/product?id=SPRT0048,"EPA plus DHA totals 1 g in one softgel, a directly usable and well-disclosed dose with favorable evidence for selected endpoints. The exact product was located in the official IFOS directory with product-specific omega-3 potency, oxidation, and contaminant testing. The exact product is listed by IFOS with batch-level testing, supporting strong product-specific verification. No separate catalog-level recall, contamination, adulteration, or substantiated manufacturing-quality signal was identified in this review.",none
PG-370A36D46083,1,PHAM,89,1,,12.0,16.0,8.0,15.0,7.5,10.0,68.5,no_known_catalog_concern,,high,yes,https://ods.od.nih.gov/factsheets/VitaminB6-HealthProfessional/; https://ods.od.nih.gov/factsheets/Niacin-HealthProfessional/; https://ods.od.nih.gov/factsheets/VitaminB12-HealthProfessional/; https://ods.od.nih.gov/factsheets/Folate-HealthProfessional/; https://www.fda.gov/safety/recalls-market-withdrawals-safety-alerts,"Most doses are modest and proportionate, but evidence supports preventing/correcting deficiency more than broad energy or wellness effects in replete users. Verification 7.5 = neutral, nothing establishable. No separate catalog-level recall, contamination, adulteration, or substantiated manufacturing-quality signal was identified in this review.",none
PG-4E969AFCA1B4,1,PHAM,90,1,,14.0,9.0,12.0,15.0,7.5,10.0,67.5,caution,"Caffeine 300 mg plus theobromine 200 mg, huperzine 200 mcg, and vitamin B6 60 mg",high,yes,https://ods.od.nih.gov/factsheets/ExerciseAndAthleticPerformance-HealthProfessional/; https://www.fda.gov/consumers/consumer-updates/spilling-beans-how-much-caffeine-too-much; https://ods.od.nih.gov/factsheets/VitaminB6-HealthProfessional/; PMID 26175657; PMID 31977835; PMID 34176406; PMID 34743773; https://www.ncbi.nlm.nih.gov/books/NBK78415/; https://www.fda.gov/safety/recalls-market-withdrawals-safety-alerts,"Citrulline and beta-alanine doses are near studied ranges, but strength/performance findings are mixed and the combined stimulant/cholinergic exposure narrows the safety margin. Verification 7.5 = neutral, nothing establishable. No separate catalog-level recall, contamination, adulteration, or substantiated manufacturing-quality signal was identified in this review.",none
PG-4E5070405C96,1,PHAM,91,1,,8.0,1.0,4.0,1.0,7.5,10.0,31.5,not_assessed,,low,no,https://ods.od.nih.gov/factsheets/Omega3FattyAcids-HealthProfessional/; https://choice.wetestyoutrust.com/certified-products; https://www.fda.gov/safety/recalls-market-withdrawals-safety-alerts,"No EPA, DHA, total omega-3, or fish-oil amount is disclosed in the extracted active facts, so dose, efficacy, and safety cannot be assessed despite a named testing program. Verification 7.5 = partial/mixed: a named testing program or product family was identifiable, but the exact legacy product/formula was not independently confirmed. No separate catalog-level recall, contamination, adulteration, or substantiated manufacturing-quality signal was identified in this review.",none
PG-C7A77BE2D674,1,PHAM,92,1,,7.0,0.0,5.0,12.0,7.5,10.0,41.5,caution,"Assumed one serving supplies vitamin B6 105 mg, magnesium 400 mg, niacin 190 mg, and zinc 35 mg without copper",low,no,https://ods.od.nih.gov/factsheets/MVMS-HealthProfessional/; https://ods.od.nih.gov/factsheets/VitaminB6-HealthProfessional/; https://ods.od.nih.gov/factsheets/Niacin-HealthProfessional/; https://ods.od.nih.gov/factsheets/VitaminA-HealthProfessional/; https://ods.od.nih.gov/factsheets/VitaminD-HealthProfessional/; https://ods.od.nih.gov/factsheets/VitaminE-HealthProfessional/; https://ods.od.nih.gov/factsheets/Zinc-HealthProfessional/; https://ods.od.nih.gov/factsheets/Magnesium-HealthProfessional/; https://www.fda.gov/safety/recalls-market-withdrawals-safety-alerts; https://ods.od.nih.gov/factsheets/Chromium-HealthProfessional/,"Under the protocol’s one-serving assumption, the formula exceeds the adult B6 and supplemental-magnesium ULs and supplies high zinc without copper; a missing blueberry unit further reduces confidence. Verification 7.5 = neutral, nothing establishable. No separate catalog-level recall, contamination, adulteration, or substantiated manufacturing-quality signal was identified in this review.",none
PG-655BA8C8528C,1,PHAM,93,1,,13.0,8.0,6.0,15.0,7.5,10.0,59.5,no_known_catalog_concern,,moderate,yes,PMID 28852372; PMID 38241335; https://ods.od.nih.gov/factsheets/ExerciseAndAthleticPerformance-HealthProfessional/; https://www.fda.gov/safety/recalls-market-withdrawals-safety-alerts,"Even at the two-serving maximum, total BCAA is 3 g and leucine 1.5 g, below many anabolic protocols; isolated-BCAA evidence is mixed and less compelling than complete protein. Verification 7.5 = neutral, nothing establishable. No separate catalog-level recall, contamination, adulteration, or substantiated manufacturing-quality signal was identified in this review.",none
PG-3F3DF54E40BD,1,PHAM,94,1,,8.0,5.0,9.0,12.0,7.5,10.0,51.5,caution,Yohimbe bark 50 mg combined with caffeine 300 mg; yohimbine content is not quantified,high,yes,https://ods.od.nih.gov/factsheets/ExerciseAndAthleticPerformance-HealthProfessional/; https://www.fda.gov/consumers/consumer-updates/spilling-beans-how-much-caffeine-too-much; https://ods.od.nih.gov/factsheets/VitaminB6-HealthProfessional/; PMID 26175657; PMID 31977835; PMID 34176406; PMID 34743773; https://www.ncbi.nlm.nih.gov/books/NBK78415/; https://www.fda.gov/safety/recalls-market-withdrawals-safety-alerts; https://www.nccih.nih.gov/health/yohimbe; https://choice.wetestyoutrust.com/certified-products,"Several performance ingredients are plausible, but yohimbe has limited efficacy evidence, highly variable yohimbine content, and an official safety signal for arrhythmia, blood-pressure problems, myocardial infarction and seizures. Because the label gives bark mass rather than yohimbine dose, this is a strong caution rather than a mechanically 'unsafe' classification. Verification 7.5 = partial/mixed: named Informed Choice program claim exists, but the exact legacy product/formula was not independently confirmed. No separate catalog-level recall, contamination, adulteration, or substantiated manufacturing-quality signal was identified in this review.",none
PG-D29A35289E17,1,PHAM,95,1,,10.0,8.0,3.0,15.0,7.5,10.0,53.5,no_known_catalog_concern,,low,yes,PMID 10815019; PMID 30075886; https://www.fda.gov/safety/recalls-market-withdrawals-safety-alerts,"Human evidence is sparse, condition-specific, and generally not comparable to a 150 mg unspecified oregano-oil preparation for broad use. Verification 7.5 = neutral, nothing establishable. No separate catalog-level recall, contamination, adulteration, or substantiated manufacturing-quality signal was identified in this review.",none
PG-70B72879EB5C,1,PHAM,96,1,,12.0,7.0,9.0,5.0,7.5,10.0,50.5,not_assessed,,low,no,https://ods.od.nih.gov/factsheets/Probiotics-HealthProfessional/; PMID 29868585; https://www.fda.gov/safety/recalls-market-withdrawals-safety-alerts; https://ods.od.nih.gov/factsheets/Zinc-HealthProfessional/; https://ods.od.nih.gov/factsheets/VitaminD-HealthProfessional/; https://ods.od.nih.gov/factsheets/ImmuneFunction-HealthProfessional/,"Vitamin D and zinc are proportionate, but probiotic CFU, strain allocation, and pre/postbiotic blend amounts are absent; human evidence cannot be matched to the product. Verification 7.5 = neutral, nothing establishable. No separate catalog-level recall, contamination, adulteration, or substantiated manufacturing-quality signal was identified in this review.",none
PG-A8E93FC94DA4,1,PHAM,97,1,,10.0,15.0,7.0,15.0,7.5,10.0,64.5,no_known_catalog_concern,,high,yes,https://ods.od.nih.gov/factsheets/VitaminB6-HealthProfessional/; https://ods.od.nih.gov/factsheets/Niacin-HealthProfessional/; https://ods.od.nih.gov/factsheets/VitaminB12-HealthProfessional/; https://ods.od.nih.gov/factsheets/Folate-HealthProfessional/; https://www.fda.gov/safety/recalls-market-withdrawals-safety-alerts,"Doses are generally moderate and safe, but the formula omits thiamin and riboflavin and evidence for added benefit in nutritionally replete users remains limited. Verification 7.5 = neutral, nothing establishable. No separate catalog-level recall, contamination, adulteration, or substantiated manufacturing-quality signal was identified in this review.",none
PG-3D73F9CEC0A9,1,PHAM,98,1,,15.0,11.0,15.0,8.0,7.5,10.0,66.5,no_known_catalog_concern,,low,no,PMID 28698222; PMID 35187864; https://ods.od.nih.gov/factsheets/ExerciseAndAthleticPerformance-HealthProfessional/; https://www.fda.gov/safety/recalls-market-withdrawals-safety-alerts,"Whey concentrate is an evidence-supported protein source, but the extracted facts omit total protein grams and contain two known zero-quantity gaps, limiting direct dose comparison. Verification 7.5 = neutral, nothing establishable. No separate catalog-level recall, contamination, adulteration, or substantiated manufacturing-quality signal was identified in this review.",none
PG-038D6F74A37E,1,PHAM,99,1,,18.0,19.0,14.0,15.0,7.5,10.0,83.5,no_known_catalog_concern,,high,yes,PMID 37489348; https://www.fda.gov/safety/recalls-market-withdrawals-safety-alerts,"Glucosamine sulfate 1.5 g/day matches the most studied dose and favorable symptom findings in some osteoarthritis analyses, although results remain heterogeneous and product-salt specific. Verification 7.5 = neutral, nothing establishable. No separate catalog-level recall, contamination, adulteration, or substantiated manufacturing-quality signal was identified in this review.",none
PG-0383094573F7,1,PHAM,100,1,,13.0,3.0,5.0,15.0,7.5,10.0,53.5,no_known_catalog_concern,,high,yes,PMID 32276466; PMID 27462401; https://www.fda.gov/safety/recalls-market-withdrawals-safety-alerts,"Bovine colostrum studies typically use gram-level doses and heterogeneous populations; 500 mg is poorly comparable and evidence for general immune or performance benefit is limited. Verification 7.5 = neutral, nothing establishable. No separate catalog-level recall, contamination, adulteration, or substantiated manufacturing-quality signal was identified in this review.",none
PG-C612F4B7431D,1,PHAM,101,1,,19.0,13.0,17.0,15.0,7.5,10.0,81.5,caution,Iron 36 mg/day is a high-dose therapeutic-range supplement,high,yes,https://ods.od.nih.gov/factsheets/Iron-HealthProfessional/; https://www.fda.gov/safety/recalls-market-withdrawals-safety-alerts,"Bisglycinate is a well-tolerated iron form and the dose is comparable to deficiency-treatment studies, but routine use without an established need carries gastrointestinal and iron-overload risk. Verification 7.5 = neutral, nothing establishable. No separate catalog-level recall, contamination, adulteration, or substantiated manufacturing-quality signal was identified in this review.",none
PG-1A9AF3262F69,1,PHAM,102,1,,10.0,4.0,8.0,10.0,7.5,10.0,49.5,caution,Vitamin B6 50 mg/day and niacin 50 mg/day in a chronic multivitamin,high,yes,https://ods.od.nih.gov/factsheets/MVMS-HealthProfessional/; https://ods.od.nih.gov/factsheets/VitaminB6-HealthProfessional/; https://ods.od.nih.gov/factsheets/Niacin-HealthProfessional/; https://ods.od.nih.gov/factsheets/VitaminA-HealthProfessional/; https://ods.od.nih.gov/factsheets/VitaminD-HealthProfessional/; https://ods.od.nih.gov/factsheets/VitaminE-HealthProfessional/; https://ods.od.nih.gov/factsheets/Zinc-HealthProfessional/; https://ods.od.nih.gov/factsheets/Magnesium-HealthProfessional/; https://www.fda.gov/safety/recalls-market-withdrawals-safety-alerts,"The formula is broad but uneven, with multiple high B-vitamin doses and very low choline; multivitamin evidence supports filling gaps more than preventive benefit from chronic megadosing. Verification 7.5 = neutral, nothing establishable. No separate catalog-level recall, contamination, adulteration, or substantiated manufacturing-quality signal was identified in this review.",none
PG-F6E646457025,1,PHAM,103,1,,11.0,12.0,8.0,15.0,7.5,10.0,63.5,no_known_catalog_concern,,high,yes,https://ods.od.nih.gov/factsheets/VitaminB6-HealthProfessional/; https://ods.od.nih.gov/factsheets/Niacin-HealthProfessional/; https://ods.od.nih.gov/factsheets/VitaminB12-HealthProfessional/; https://ods.od.nih.gov/factsheets/Folate-HealthProfessional/; https://www.fda.gov/safety/recalls-market-withdrawals-safety-alerts,"Most doses are tolerable, although thiamin and riboflavin are unnecessarily high; evidence supports deficiency correction but not broad benefit from megadosing. Verification 7.5 = neutral, nothing establishable. No separate catalog-level recall, contamination, adulteration, or substantiated manufacturing-quality signal was identified in this review.",none
PG-E20F794EDAE9,1,PHAM,104,1,,15.0,2.0,10.0,15.0,7.5,10.0,59.5,caution,"Vitamin B6 100 mg/day and folate 8,500 mcg DFE/day",high,yes,https://ods.od.nih.gov/factsheets/VitaminB6-HealthProfessional/; https://ods.od.nih.gov/factsheets/Folate-HealthProfessional/; https://ods.od.nih.gov/factsheets/VitaminB12-HealthProfessional/; PMID 18460663; https://www.fda.gov/safety/recalls-market-withdrawals-safety-alerts,"High-dose B vitamins can lower homocysteine, but clinical-outcome trials are not consistently favorable; B6 is at the U.S. adult UL and folate is pharmacologic. Verification 7.5 = neutral, nothing establishable. No separate catalog-level recall, contamination, adulteration, or substantiated manufacturing-quality signal was identified in this review.",none
PG-553CA0D81360,1,PHAM,105,1,,12.0,10.0,10.0,15.0,7.5,10.0,64.5,no_known_catalog_concern,,moderate,yes,https://www.nccih.nih.gov/health/ginger; https://www.fda.gov/safety/recalls-market-withdrawals-safety-alerts,"Ginger has favorable human evidence for selected nausea and pain outcomes, but extract/raw-root equivalence and the product’s intended use are not stated, limiting direct comparability. Verification 7.5 = neutral, nothing establishable. No separate catalog-level recall, contamination, adulteration, or substantiated manufacturing-quality signal was identified in this review.",none
PG-FC7D426B5131,1,PHAM,106,1,,20.0,16.0,18.0,15.0,15.0,10.0,94,no_known_catalog_concern,,high,yes,https://ods.od.nih.gov/factsheets/Iron-HealthProfessional/; https://info.nsf.org/Certified/bannedsub/listings.asp; https://www.fda.gov/safety/recalls-market-withdrawals-safety-alerts; https://info.nsf.org/Certified/Dietary/Listings.asp?CompanyName=Thorne,"Iron bisglycinate 25 mg is a well-characterized form with favorable absorption/tolerability evidence and a dose appropriate for many deficiency contexts, though not universally needed. The exact product was located in NSF’s Certified for Sport directory, supporting product-specific content and banned-substance verification. The exact product is present in NSF's official product directory, supporting strong product-specific verification. No separate catalog-level recall, contamination, adulteration, or substantiated manufacturing-quality signal was identified in this review.",none
PG-AFE7623B1434,1,PHAM,107,1,,11.0,10.0,6.0,15.0,7.5,10.0,59.5,caution,"Asian ginseng extract 1,100 mg/day at the two-serving maximum without standardization",moderate,yes,https://www.nccih.nih.gov/health/asian-ginseng; https://www.fda.gov/safety/recalls-market-withdrawals-safety-alerts,"Human findings are mixed and extract-specific, while the label gives no ginsenoside standardization; the maximum dose is high relative to many characterized extracts. Verification 7.5 = neutral, nothing establishable. No separate catalog-level recall, contamination, adulteration, or substantiated manufacturing-quality signal was identified in this review.",none
PG-7983AC0537CA,1,PHAM,108,1,,10.0,8.0,2.0,15.0,7.5,10.0,52.5,caution,"Garcinia extract 1,500 mg/day at the three-serving maximum; uncommon but potentially severe liver-injury signal",high,yes,https://www.nccih.nih.gov/health/garcinia-cambogia; https://ods.od.nih.gov/factsheets/WeightLoss-HealthProfessional/; https://www.ncbi.nlm.nih.gov/books/NBK548087/; https://www.fda.gov/safety/recalls-market-withdrawals-safety-alerts,"Human weight-loss evidence for garcinia is inconsistent and modest, while NCCIH reports uncommon but sometimes severe liver injury. Under the revised definitions this supports caution, not automatic 'unsafe,' because severe injury is uncommon and not expected from every labeled regimen. Verification 7.5 = neutral, nothing establishable. No separate catalog-level recall, contamination, adulteration, or substantiated manufacturing-quality signal was identified in this review.",none
PG-719F946A757A,1,PHAM,109,1,,8.0,5.0,5.0,4.0,7.5,10.0,39.5,not_assessed,,low,no,https://www.nccih.nih.gov/health/elderberry; https://www.nccih.nih.gov/health/echinacea; https://www.nccih.nih.gov/health/astragalus; https://www.fda.gov/safety/recalls-market-withdrawals-safety-alerts,"The total 192 mg proprietary blend does not disclose individual amounts, and human evidence for the six-herb combination is sparse and not dose-comparable. Verification 7.5 = neutral, nothing establishable. No separate catalog-level recall, contamination, adulteration, or substantiated manufacturing-quality signal was identified in this review.",none
PG-2168B4FFA765,1,PHAM,110,1,,12.0,14.0,8.0,15.0,7.5,10.0,66.5,no_known_catalog_concern,,high,yes,PMID 28852372; PMID 38241335; https://ods.od.nih.gov/factsheets/ExerciseAndAthleticPerformance-HealthProfessional/; https://www.fda.gov/safety/recalls-market-withdrawals-safety-alerts,"The 10 g 2:1:1 BCAA dose is conventional, but human evidence for added benefit over adequate complete protein remains mixed; prickly pear does not have directly comparable support at this dose. Verification 7.5 = neutral, nothing establishable. No separate catalog-level recall, contamination, adulteration, or substantiated manufacturing-quality signal was identified in this review.",none
PG-816ABA55FC3C,1,PHAM,111,1,,14.0,15.0,8.0,15.0,7.5,10.0,69.5,no_known_catalog_concern,,low,no,PMID 28852372; PMID 38241335; https://ods.od.nih.gov/factsheets/ExerciseAndAthleticPerformance-HealthProfessional/; https://www.fda.gov/safety/recalls-market-withdrawals-safety-alerts; https://choice.wetestyoutrust.com/certified-products,"Assuming one serving, the 14 g BCAA dose is substantial, but the 5:1:1 ratio and isolated-BCAA strategy lack strong comparative superiority; the broken frequency lowers confidence. Verification 7.5 = partial/mixed: a named testing program or product family was identifiable, but the exact legacy product/formula was not independently confirmed. No separate catalog-level recall, contamination, adulteration, or substantiated manufacturing-quality signal was identified in this review.",none
PG-75FA95380F6A,1,PHAM,112,1,,9.0,8.0,9.0,6.0,10.5,10.0,52.5,caution,Maximum regimen supplies caffeine 132 mg plus multiple thermogenic botanicals with incomplete amounts,low,no,PMID 28698222; PMID 35187864; https://ods.od.nih.gov/factsheets/ExerciseAndAthleticPerformance-HealthProfessional/; https://www.fda.gov/safety/recalls-market-withdrawals-safety-alerts; https://www.fda.gov/consumers/consumer-updates/spilling-beans-how-much-caffeine-too-much; https://choice.wetestyoutrust.com/certified-products; https://choice.wetestyoutrust.com/supplement-search/gnc/amp-wheybolic-ripped,"Protein evidence is favorable, but the actual protein amount and most enzyme/thermogenic totals are hidden; the two-serving maximum doubles caffeine and multiple stimulatory ingredients. Product-family certification is current, but exact legacy flavor/formula continuity is incomplete; verification is therefore partial rather than full. No separate catalog-level recall, contamination, adulteration, or substantiated manufacturing-quality signal was identified in this review.",none
PG-B94328E47826,1,PHAM,113,1,,14.0,5.0,8.0,15.0,7.5,10.0,59.5,caution,Maximum regimen supplies total niacin 420 mg/day and high-dose B vitamins,high,yes,https://ods.od.nih.gov/factsheets/VitaminB6-HealthProfessional/; https://ods.od.nih.gov/factsheets/Niacin-HealthProfessional/; https://ods.od.nih.gov/factsheets/VitaminB12-HealthProfessional/; https://ods.od.nih.gov/factsheets/Folate-HealthProfessional/; https://www.fda.gov/safety/recalls-market-withdrawals-safety-alerts,"The formulation is coherent, but the required three-capsule maximum produces pharmacologic niacin exposure; evidence supports deficiency correction more than routine high-dose use. Verification 7.5 = neutral, nothing establishable. No separate catalog-level recall, contamination, adulteration, or substantiated manufacturing-quality signal was identified in this review.",none
PG-3C76D567E9D1,1,PHAM,114,1,,15.0,13.0,13.0,8.0,12.5,10.0,71.5,no_known_catalog_concern,,high,yes,PMID 28698222; PMID 35187864; https://ods.od.nih.gov/factsheets/ExerciseAndAthleticPerformance-HealthProfessional/; https://www.fda.gov/safety/recalls-market-withdrawals-safety-alerts; PMID 28615996; PMID 34743773; https://choice.wetestyoutrust.com/ja/node/51261; https://choice.wetestyoutrust.com/certified-products,"Leucine is plausible, but creatine and betaine remain below established standalone doses even at two servings and key proprietary blends are not quantified; protein evidence is favorable but formula-level comparability is partial. The exact product is present in an official Informed Choice listing; this is strong product-specific banned-substance testing but narrower than comprehensive identity/potency certification. No separate catalog-level recall, contamination, adulteration, or substantiated manufacturing-quality signal was identified in this review.",none
PG-3B4535CCF789,1,PHAM,115,1,,12.0,4.0,8.0,15.0,7.5,10.0,56.5,caution,Five-day regimen supplies zinc 80 mg/day,high,yes,https://www.lifeextension.com/vitamins-supplements/new-reformulated-old; https://www.lifeextension.com/protocols/infections/common-cold; https://ods.od.nih.gov/factsheets/Zinc-HealthProfessional/; https://ods.od.nih.gov/factsheets/VitaminC-HealthProfessional/; https://www.nccih.nih.gov/health/elderberry; https://www.fda.gov/safety/recalls-market-withdrawals-safety-alerts,"The eight-times-daily direction is a real five-day labeled regimen, not a frequency extraction error. It provides zinc 80 mg/day for five days; the short duration reduces chronic copper-deficiency concern but still exceeds the adult UL and warrants caution. Elderberry evidence is limited but directionally favorable for symptom duration in small trials. Verification 7.5 = neutral, nothing establishable. No separate catalog-level recall, contamination, adulteration, or substantiated manufacturing-quality signal was identified in this review.",none
PG-B3E2E9683FF9,1,PHAM,116,1,,12.0,8.0,9.0,7.0,7.5,10.0,53.5,not_assessed,,low,no,https://ods.od.nih.gov/factsheets/Probiotics-HealthProfessional/; PMID 29868585; https://www.fda.gov/safety/recalls-market-withdrawals-safety-alerts; PMID 35297467; PMID 25843197,"One billion total viable cells is modest and strain allocation is hidden, while the Sunfiber amount is not disclosed; both probiotic and fiber evidence are only indirectly comparable. Verification 7.5 = neutral, nothing establishable. No separate catalog-level recall, contamination, adulteration, or substantiated manufacturing-quality signal was identified in this review.",none
PG-6BE317D1D8F7,1,PHAM,117,1,,12.0,9.0,10.0,15.0,7.5,10.0,63.5,caution,"Caffeine 200 mg plus norvaline 100 mg, huperzine 50 mcg, and a broken serving frequency",low,no,https://ods.od.nih.gov/factsheets/ExerciseAndAthleticPerformance-HealthProfessional/; https://www.fda.gov/consumers/consumer-updates/spilling-beans-how-much-caffeine-too-much; https://ods.od.nih.gov/factsheets/VitaminB6-HealthProfessional/; PMID 26175657; PMID 31977835; PMID 34176406; PMID 34743773; https://www.ncbi.nlm.nih.gov/books/NBK78415/; https://www.fda.gov/safety/recalls-market-withdrawals-safety-alerts,"Assuming one serving, citrulline is plausible but beta-alanine/betaine are modest; evidence for norvaline is inadequate and the stimulant/cholinergic combination plus frequency defect lowers safety confidence. Verification 7.5 = neutral, nothing establishable. No separate catalog-level recall, contamination, adulteration, or substantiated manufacturing-quality signal was identified in this review.",none
PG-BDDFF32A0FCF,1,PHAM,118,1,,16.0,5.0,9.0,15.0,7.5,10.0,62.5,no_known_catalog_concern,,high,yes,PMID 30239559; https://ods.od.nih.gov/factsheets/Probiotics-HealthProfessional/; https://www.fda.gov/safety/recalls-market-withdrawals-safety-alerts,"Psyllium has favorable bowel and cardiometabolic evidence, but 1.5 g/day is substantially below common effective doses, making direct dose comparability weak. Verification 7.5 = neutral, nothing establishable. No separate catalog-level recall, contamination, adulteration, or substantiated manufacturing-quality signal was identified in this review.",none
PG-4606803BD408,1,PHAM,119,1,,13.0,3.0,4.0,15.0,7.5,10.0,52.5,no_known_catalog_concern,,high,yes,PMID 28852372; PMID 38241335; https://ods.od.nih.gov/factsheets/ExerciseAndAthleticPerformance-HealthProfessional/; https://www.fda.gov/safety/recalls-market-withdrawals-safety-alerts,"A 1 g total BCAA dose with only 500 mg leucine is far below common performance/anabolic protocols, and isolated-BCAA evidence is mixed even at higher doses. Verification 7.5 = neutral, nothing establishable. No separate catalog-level recall, contamination, adulteration, or substantiated manufacturing-quality signal was identified in this review.",none
PG-002B9397C329,1,PHAM,120,1,,10.0,8.0,7.0,12.0,7.5,10.0,54.5,not_assessed,,low,no,https://ods.od.nih.gov/factsheets/ImmuneFunction-HealthProfessional/; https://www.nccih.nih.gov/health/elderberry; https://www.nccih.nih.gov/health/astragalus; https://www.nccih.nih.gov/health/aloe-vera; https://ods.od.nih.gov/factsheets/Zinc-HealthProfessional/; https://ods.od.nih.gov/factsheets/VitaminD-HealthProfessional/; https://www.fda.gov/safety/recalls-market-withdrawals-safety-alerts,"Several doses are plausible but the eleuthero quantity/unit is missing and the aloe extract is not characterized; the multi-ingredient immune evidence is heterogeneous and not directly comparable. Verification 7.5 = neutral, nothing establishable. No separate catalog-level recall, contamination, adulteration, or substantiated manufacturing-quality signal was identified in this review.",none
