bucket,review_key,product_count,max_priority_score,closest_tier_boundary,identity_confidence_counts,sample_dsld_ids
external_literature_review_required,l carnitine,75,37.5,0.0,"{""high"":75}","[""4258"",""12147"",""25160"",""27461"",""42240"",""58935"",""60214"",""65944"",""66890"",""69300""]"
external_literature_review_required,isoleucine,59,29.5,0.0,"{""high"":59}","[""2719"",""59952"",""65755"",""66893"",""74587"",""74828"",""78476"",""252404"",""252409"",""252414""]"
external_literature_review_required,glutamine,53,26.5,0.0,"{""high"":51,""low"":2}","[""2711"",""2724"",""4846"",""5888"",""12129"",""45110"",""66886"",""69303"",""69466"",""74468""]"
external_literature_review_required,l lysine,43,21.5,0.0,"{""high"":43}","[""35623"",""43973"",""59923"",""60223"",""63848"",""63850"",""64538"",""65633"",""65634"",""72361""]"
external_literature_review_required,cla,61,21.35,0.0,"{""moderate"":61}","[""4259"",""5812"",""26318"",""45103"",""65945"",""66895"",""69546"",""70326"",""72871"",""74369""]"
external_literature_review_required,ginkgo,42,21.0,0.0,"{""high"":41,""moderate"":1}","[""700"",""701"",""856"",""15699"",""17310"",""18221"",""26136"",""29233"",""31994"",""59204""]"
evidence_exists_identity_or_linkage_failed,PRECLIN_ALCAR,26,19.5,3.0,"{""high"":25,""moderate"":1}","[""59032"",""59709"",""64800"",""79380"",""212977"",""213912"",""227837"",""252601"",""253517"",""253523""]"
external_literature_review_required,garcinia,38,19.0,1.0,"{""high"":38}","[""77076"",""81571"",""182872"",""232012"",""242232"",""252413"",""252415"",""252418"",""253273"",""253275""]"
external_literature_review_required,arginine,37,18.5,0.0,"{""high"":33,""moderate"":4}","[""2720"",""2721"",""5880"",""26577"",""33554"",""44591"",""61960"",""63262"",""63792"",""69292""]"
external_literature_review_required,l tyrosine,37,18.5,0.0,"{""high"":37}","[""1380"",""1440"",""73711"",""74439"",""74786"",""215038"",""224760"",""227880"",""252680"",""252845""]"
external_literature_review_required,maca,36,18.0,0.0,"{""high"":30,""moderate"":6}","[""18345"",""74549"",""74628"",""74629"",""82383"",""239079"",""241818"",""252573"",""253800"",""253809""]"
external_literature_review_required,acai,33,16.5,0.0,"{""high"":20,""low"":2,""moderate"":11}","[""49494"",""59767"",""62028"",""64387"",""68801"",""73434"",""79443"",""204886"",""213695"",""213718""]"
external_literature_review_required,glutathione,32,16.0,0.0,"{""high"":31,""moderate"":1}","[""201289"",""201293"",""214242"",""241943"",""252458"",""252672"",""253388"",""253395"",""253400"",""253405""]"
external_literature_review_required,isoflavones,29,14.5,1.0,"{""high"":26,""moderate"":3}","[""2254"",""74655"",""201361"",""218344"",""231954"",""252854"",""254491"",""254492"",""254493"",""254494""]"
external_literature_review_required,pomegranate,28,14.0,0.0,"{""high"":28}","[""847"",""17454"",""60571"",""60763"",""60886"",""74688"",""212017"",""214789"",""231710"",""252834""]"
external_literature_review_required,blend general,51,12.75,1.0,"{""high"":2,""low"":27,""moderate"":22}","[""39973"",""54775"",""62034"",""64784"",""69504"",""69692"",""74457"",""74807"",""76840"",""79881""]"
external_literature_review_required,olive,25,12.5,0.0,"{""high"":15,""moderate"":10}","[""708"",""31038"",""73340"",""74666"",""79325"",""252649"",""254970"",""254971"",""270615"",""278012""]"
external_literature_review_required,carnosine,24,12.0,0.0,"{""high"":24}","[""60193"",""223353"",""252619"",""252622"",""252625"",""254160"",""254161"",""254163"",""254176"",""254194""]"
external_literature_review_required,goldenseal,23,11.5,1.0,"{""high"":23}","[""697"",""12825"",""18339"",""35875"",""63684"",""63713"",""178680"",""216316"",""252471"",""253532""]"
external_literature_review_required,tribulus,23,11.5,0.0,"{""high"":23}","[""42328"",""74414"",""174666"",""252747"",""252748"",""254164"",""254166"",""254167"",""254177"",""254181""]"
external_literature_review_required,dimethyl glycine,22,11.0,0.0,"{""high"":22}","[""254099"",""254100"",""254101"",""254102"",""254103"",""254104"",""254105"",""294791"",""294792"",""294793""]"
external_literature_review_required,horsetail,22,11.0,0.0,"{""high"":22}","[""252704"",""254795"",""254796"",""254797"",""259712"",""294422"",""294423"",""294424"",""294425"",""312020""]"
external_literature_review_required,d aspartic acid,21,10.5,0.0,"{""high"":21}","[""63771"",""183352"",""252394"",""252602"",""253261"",""253337"",""253342"",""253347"",""255580"",""294451""]"
external_literature_review_required,lycopene,21,10.5,0.0,"{""high"":20,""moderate"":1}","[""2252"",""29167"",""63244"",""70589"",""184052"",""184602"",""259832"",""270521"",""272743"",""277767""]"
external_literature_review_required,citrus bioflavonoids,20,10.0,1.0,"{""high"":7,""moderate"":13}","[""201620"",""252599"",""254328"",""254330"",""254332"",""254333"",""254603"",""254605"",""254607"",""302670""]"
external_literature_review_required,l methionine,20,10.0,1.0,"{""high"":20}","[""214658"",""218487"",""218502"",""252795"",""254611"",""254612"",""254613"",""254614"",""254615"",""254616""]"
external_literature_review_required,l ornithine,20,10.0,0.0,"{""high"":9,""moderate"":11}","[""203401"",""218572"",""252813"",""252814"",""254643"",""254644"",""254645"",""254679"",""254680"",""254683""]"
external_literature_review_required,evening primrose oil,28,9.8,0.0,"{""high"":2,""moderate"":26}","[""4203"",""26775"",""57157"",""62960"",""75189"",""75256"",""75261"",""76104"",""79163"",""214020""]"
external_literature_review_required,digestive enzymes,26,9.75,1.0,"{""high"":10,""low"":8,""moderate"":8}","[""25222"",""59047"",""64816"",""76837"",""76839"",""178558"",""178561"",""178565"",""178571"",""205179""]"
external_literature_review_required,amla,19,9.5,1.0,"{""high"":18,""moderate"":1}","[""64551"",""223539"",""252630"",""252753"",""253709"",""253714"",""253716"",""269953"",""291221"",""306057""]"
external_literature_review_required,theobromine,19,9.5,1.0,"{""high"":19}","[""252744"",""254094"",""254096"",""254097"",""254106"",""254107"",""306392"",""311696"",""311697"",""311698""]"
external_literature_review_required,blueberry,27,9.45,0.0,"{""moderate"":27}","[""216669"",""252488"",""253912"",""253916"",""253918"",""268389"",""270261"",""295050"",""295051"",""295052""]"
external_literature_review_required,dietary fiber,27,9.45,0.0,"{""moderate"":27}","[""2246"",""12932"",""25915"",""26568"",""31105"",""47339"",""67530"",""82603"",""179625"",""179639""]"
external_literature_review_required,lecithin,26,9.1,1.0,"{""moderate"":26}","[""13260"",""17091"",""26420"",""60241"",""64347"",""77157"",""81643"",""211461"",""252697"",""252708""]"
external_literature_review_required,alfalfa,24,9.0,2.0,"{""high"":8,""moderate"":16}","[""2232"",""74590"",""82868"",""269949"",""293234"",""295080"",""295081"",""295082"",""295083"",""295084""]"
external_literature_review_required,butterbur,18,9.0,0.0,"{""high"":18}","[""204072"",""253957"",""253958"",""253959"",""253988"",""269401"",""311199"",""311200"",""311201"",""311202""]"
external_literature_review_required,feverfew,18,9.0,0.0,"{""high"":18}","[""696"",""35879"",""63623"",""79990"",""219034"",""252494"",""253576"",""253577"",""253579"",""312489""]"
external_literature_review_required,hawthorn,18,9.0,0.0,"{""high"":18}","[""704"",""54460"",""74663"",""82989"",""239769"",""277704"",""304667"",""312905"",""327979"",""330978""]"
external_literature_review_required,inositol,24,9.0,3.0,"{""high"":24}","[""81640"",""252549"",""254952"",""254953"",""254955"",""254956"",""254957"",""254994"",""294420"",""294421""]"
external_literature_review_required,natto extract,25,8.75,1.0,"{""moderate"":25}","[""254007"",""254008"",""254009"",""254010"",""254011"",""254012"",""294588"",""294772"",""294779"",""294781""]"
external_literature_review_required,cowhage,17,8.5,0.0,"{""high"":17}","[""252776"",""254044"",""254049"",""254050"",""270609"",""294797"",""294798"",""294799"",""294800"",""311066""]"
external_literature_review_required,l tryptophan,17,8.5,1.0,"{""high"":17}","[""25209"",""25212"",""231998"",""252841"",""252843"",""254828"",""254830"",""254831"",""254832"",""264895""]"
external_literature_review_required,wild yam,22,8.25,3.0,"{""high"":3,""moderate"":19}","[""79171"",""294301"",""294302"",""294303"",""294304"",""294305"",""294306"",""294307"",""294308"",""311889""]"
evidence_exists_identity_or_linkage_failed,INGR_GARLIC,23,8.05,4.0,"{""moderate"":23}","[""4150"",""67610"",""231794"",""252421"",""253326"",""253329"",""253332"",""302657"",""311160"",""311161""]"
external_literature_review_required,mct oil,23,8.05,0.0,"{""low"":6,""moderate"":17}","[""69281"",""213609"",""228000"",""251633"",""268537"",""268569"",""273676"",""273685"",""273696"",""277516""]"
external_literature_review_required,l serine,16,8.0,1.0,"{""high"":16}","[""241810"",""252822"",""252823"",""254751"",""254752"",""254753"",""254755"",""254756"",""254761"",""270520""]"
external_literature_review_required,chaga,22,7.7,1.0,"{""high"":1,""low"":4,""moderate"":17}","[""200789"",""227949"",""241322"",""241325"",""241328"",""241331"",""295037"",""295038"",""295039"",""295040""]"
external_literature_review_required,devil s claw,15,7.5,0.0,"{""high"":15}","[""213485"",""294984"",""294985"",""294986"",""294987"",""311499"",""311502"",""311503"",""311504"",""312885""]"
external_literature_review_required,dl phenylalanine,15,7.5,0.0,"{""high"":15}","[""65358"",""65361"",""182982"",""252512"",""253605"",""253607"",""253609"",""277669"",""312417"",""312418""]"
external_literature_review_required,l leucine,20,7.5,2.0,"{""high"":20}","[""31995"",""69282"",""78124"",""220282"",""252781"",""294893"",""294894"",""294895"",""294896"",""311946""]"
external_literature_review_required,apple cider vinegar,21,7.35,1.0,"{""high"":2,""moderate"":19}","[""12824"",""25612"",""239807"",""268185"",""268595"",""278522"",""294495"",""306058"",""308186"",""310757""]"
external_literature_review_required,common bean extract,19,7.125,0.0,"{""high"":16,""moderate"":3}","[""31139"",""36211"",""74436"",""213183"",""213310"",""232395"",""294278"",""294279"",""294280"",""294281""]"
external_literature_review_required,barley,27,7.0875,3.0,"{""high"":3,""low"":3,""moderate"":21}","[""78306"",""252402"",""253362"",""253373"",""253378"",""259304"",""259306"",""297644"",""310955"",""310956""]"
external_literature_review_required,papaya,27,7.0875,3.0,"{""low"":1,""moderate"":26}","[""59057"",""252616"",""311227"",""311228"",""311229"",""311230"",""311231"",""311232"",""311233"",""311234""]"
evidence_exists_identity_or_linkage_failed,INGR_PROBIOTICS,7,7.0,1.0,"{""high"":1,""low"":6}","[""26361"",""178311"",""239178"",""294039"",""298030"",""299736"",""299737""]"
external_literature_review_required,senna,14,7.0,1.0,"{""high"":14}","[""707"",""74665"",""252831"",""254397"",""254398"",""254399"",""311549"",""311550"",""311551"",""311552""]"
external_literature_review_required,pumpkin,26,6.825,3.0,"{""moderate"":26}","[""47813"",""252911"",""252913"",""254365"",""254366"",""254367"",""254400"",""254401"",""254402"",""294380""]"
external_literature_review_required,gotu kola,18,6.75,2.0,"{""high"":17,""moderate"":1}","[""18388"",""63950"",""63961"",""219195"",""294928"",""294929"",""294930"",""306227"",""312571"",""312572""]"
external_literature_review_required,l carnosine,18,6.75,2.0,"{""high"":18}","[""252621"",""253869"",""253875"",""253879"",""253885"",""253889"",""254032"",""294785"",""294788"",""311086""]"
external_literature_review_required,cat s claw,13,6.5,0.0,"{""high"":13}","[""18309"",""74607"",""74613"",""219019"",""222967"",""293929"",""295045"",""295503"",""327909"",""330534""]"
external_literature_review_required,dl methionine,13,6.5,1.0,"{""high"":13}","[""252482"",""253547"",""253550"",""253563"",""253595"",""253597"",""253599"",""253602"",""312413"",""312414""]"
external_literature_review_required,holy basil,13,6.5,1.0,"{""high"":13}","[""221241"",""251615"",""252623"",""254712"",""254726"",""254729"",""311981"",""311982"",""311983"",""311984""]"
external_literature_review_required,hops,13,6.5,1.0,"{""high"":13}","[""252642"",""254773"",""294426"",""294427"",""294428"",""294429"",""311988"",""311990"",""311991"",""311992""]"
external_literature_review_required,eleuthero,17,6.375,3.0,"{""high"":5,""moderate"":12}","[""833"",""2962"",""74530"",""78361"",""214052"",""219177"",""252442"",""253437"",""253477"",""253489""]"
external_literature_review_required,agmatine,12,6.0,0.0,"{""high"":12}","[""77079"",""252598"",""253462"",""253467"",""253498"",""269273"",""308288"",""310621"",""310622"",""310623""]"
external_literature_review_required,bamboo,12,6.0,0.0,"{""high"":12}","[""252349"",""253304"",""253309"",""253312"",""310921"",""310922"",""310924"",""310927"",""330290"",""330291""]"
external_literature_review_required,eurycoma longifolia,12,6.0,1.0,"{""high"":12}","[""224759"",""229366"",""241953"",""295784"",""306331"",""311800"",""312195"",""312198"",""331182"",""331183""]"
external_literature_review_required,gymnema,12,6.0,0.0,"{""high"":12}","[""706"",""63720"",""182953"",""252546"",""253796"",""253802"",""253804"",""312803"",""312804"",""312805""]"
external_literature_review_required,l glutamine,12,6.0,1.0,"{""high"":12}","[""252675"",""253978"",""253979"",""253980"",""311097"",""311098"",""312937"",""312938"",""329945"",""330123""]"
external_literature_review_required,l phenylalanine,12,6.0,1.0,"{""high"":12}","[""214734"",""218596"",""252817"",""254696"",""254698"",""254699"",""306324"",""312213"",""312214"",""312215""]"
external_literature_review_required,d mannose,17,5.95,1.0,"{""moderate"":17}","[""182853"",""223119"",""253625"",""253639"",""253684"",""253711"",""277659"",""306207"",""307785"",""307786""]"
external_literature_review_required,dandelion,15,5.625,3.0,"{""high"":10,""moderate"":5}","[""872"",""220053"",""223501"",""256111"",""267829"",""311494"",""311495"",""311496"",""311497"",""315294""]"
external_literature_review_required,pine bark extract,15,5.625,2.0,"{""high"":2,""moderate"":13}","[""252820"",""252825"",""254224"",""254230"",""254231"",""294566"",""311437"",""311438"",""311439"",""311440""]"
external_literature_review_required,d ribose,21,5.5125,2.0,"{""moderate"":21}","[""24440"",""25167"",""43425"",""187568"",""214003"",""223127"",""223150"",""252534"",""253806"",""253808""]"
external_literature_review_required,cysteine,11,5.5,1.0,"{""high"":11}","[""201101"",""217644"",""312130"",""312131"",""312132"",""312133"",""312134"",""312135"",""312136"",""312137""]"
external_literature_review_required,l arginine,11,5.5,0.0,"{""high"":10,""moderate"":1}","[""203218"",""244528"",""270513"",""293991"",""295518"",""312084"",""312085"",""312086"",""312087"",""328281""]"
evidence_exists_identity_or_linkage_failed,INGR_CINNAMON_EXTRACT,15,5.25,5.0,"{""moderate"":15}","[""74689"",""78446"",""252444"",""253414"",""253416"",""253418"",""269403"",""271336"",""271345"",""312663""]"
external_literature_review_required,aloe vera,14,5.25,3.0,"{""high"":14}","[""4239"",""206970"",""212393"",""214203"",""218865"",""253109"",""306054"",""312846"",""329911"",""330154""]"
external_literature_review_required,fo ti,14,5.25,2.0,"{""high"":13,""moderate"":1}","[""251587"",""252558"",""253658"",""253688"",""253692"",""294439"",""294441"",""294442"",""312509"",""312510""]"
external_literature_review_required,pregnenolone,15,5.25,0.0,"{""moderate"":15}","[""26180"",""231638"",""231709"",""241935"",""311625"",""311626"",""311629"",""311630"",""311633"",""311636""]"
external_literature_review_required,royal jelly,15,5.25,1.0,"{""moderate"":15}","[""66356"",""214928"",""312336"",""312337"",""312338"",""312339"",""312340"",""312341"",""312342"",""330603""]"
external_literature_review_required,pygeum,10,5.0,0.0,"{""high"":10}","[""311746"",""311747"",""311748"",""311749"",""312948"",""330382"",""330383"",""330384"",""330385"",""330386""]"
external_literature_review_required,beta glucan,14,4.9,1.0,"{""high"":1,""moderate"":13}","[""67168"",""68803"",""227868"",""259455"",""310687"",""310688"",""310689"",""310690"",""310691"",""330406""]"
external_literature_review_required,dong quai,13,4.875,3.0,"{""high"":13}","[""18348"",""63769"",""212933"",""252524"",""253752"",""253757"",""253776"",""306210"",""312429"",""312430""]"
external_literature_review_required,white willow,13,4.875,2.0,"{""high"":8,""moderate"":5}","[""1058"",""26257"",""44714"",""213577"",""294289"",""294290"",""294291"",""294292"",""311869"",""330102""]"
external_literature_review_required,tauroursodeoxycholic acid,13,4.55,0.0,"{""moderate"":13}","[""241957"",""270738"",""272818"",""306394"",""306395"",""313003"",""313535"",""313536"",""313537"",""330087""]"
external_literature_review_required,african mango,9,4.5,1.0,"{""high"":9}","[""79524"",""310617"",""310618"",""310619"",""310620"",""330138"",""330139"",""330140"",""330141""]"
external_literature_review_required,deanol,12,4.5,3.0,"{""high"":12}","[""252515"",""253610"",""253611"",""253613"",""269431"",""312421"",""312422"",""312423"",""312424"",""312890""]"
external_literature_review_required,iron,9,4.5,1.0,"{""high"":7,""low"":1,""moderate"":1}","[""40603"",""214057"",""260113"",""264830"",""264831"",""302461"",""317616"",""317650"",""317651""]"
external_literature_review_required,l norvaline,18,4.5,4.0,"{""high"":18}","[""252797"",""254618"",""254619"",""254623"",""294886"",""294887"",""294888"",""294889"",""294890"",""294891""]"
external_literature_review_required,rosemary,12,4.5,3.0,"{""high"":12}","[""252692"",""254305"",""254306"",""254307"",""312332"",""312333"",""312334"",""312335"",""330600"",""330601""]"
external_literature_review_required,watercress,12,4.5,3.0,"{""high"":8,""moderate"":4}","[""294327"",""294328"",""294329"",""294330"",""311836"",""311837"",""311838"",""311839"",""331091"",""331092""]"
evidence_exists_identity_or_linkage_failed,INGR_BEETROOT,6,4.2,0.0,"{""moderate"":6}","[""310986"",""312861"",""329919"",""329952"",""329953"",""329954""]"
external_literature_review_required,chinese rhubarb,12,4.2,0.0,"{""moderate"":12}","[""294519"",""294520"",""294521"",""294522"",""311714"",""311715"",""311716"",""311717"",""331024"",""331025""]"
external_literature_review_required,chrysin,12,4.2,1.0,"{""high"":11,""moderate"":1}","[""278372"",""311340"",""311341"",""311342"",""311343"",""311354"",""330584"",""330585"",""330586"",""330587""]"
external_literature_review_required,l threonine,11,4.125,2.0,"{""high"":11}","[""214993"",""252839"",""254816"",""254817"",""254818"",""312279"",""312280"",""312281"",""312282"",""312926""]"
external_literature_review_required,sage,11,4.125,2.0,"{""high"":11}","[""252725"",""254368"",""254369"",""254370"",""311530"",""311531"",""311532"",""311533"",""330629"",""330630""]"
external_literature_review_required,spearmint,11,4.125,3.0,"{""high"":11}","[""252866"",""254506"",""254507"",""254508"",""311631"",""311632"",""311634"",""311635"",""330848"",""330849""]"
external_literature_review_required,zeaxanthin,11,4.125,2.0,"{""high"":11}","[""252793"",""253996"",""254041"",""254052"",""311913"",""311914"",""311915"",""311916"",""331265"",""331266""]"
evidence_exists_identity_or_linkage_failed,INGR_OMEGA3,10,4.0,0.0,"{""low"":3,""moderate"":7}","[""220343"",""220662"",""223405"",""223408"",""260262"",""315318"",""315335"",""315698"",""315840"",""328645""]"
external_literature_review_required,aspartic acid,8,4.0,0.0,"{""high"":8}","[""252603"",""254047"",""254076"",""254077"",""312092"",""312093"",""312094"",""312095""]"
external_literature_review_required,goji,8,4.0,1.0,"{""high"":7,""low"":1}","[""59118"",""79493"",""294311"",""302669"",""312563"",""312564"",""312565"",""312566""]"
external_literature_review_required,goji berry,8,4.0,0.0,"{""high"":8}","[""269747"",""311897"",""311898"",""311899"",""311900"",""331251"",""331252"",""331254""]"
external_literature_review_required,l proline,16,4.0,4.0,"{""high"":16}","[""252818"",""252819"",""254702"",""254703"",""254704"",""254725"",""254736"",""254737"",""270519"",""294416""]"
external_literature_review_required,lithium,8,4.0,0.0,"{""high"":8}","[""24584"",""25202"",""25208"",""184812"",""219852"",""294004"",""328520"",""328576""]"
external_literature_review_required,activated charcoal,15,3.9375,2.0,"{""moderate"":15}","[""18389"",""75292"",""178360"",""201274"",""221374"",""269271"",""277023"",""329902"",""329903"",""329904""]"
external_literature_review_required,magnolia,10,3.75,3.0,"{""high"":9,""moderate"":1}","[""294805"",""294806"",""294807"",""294808"",""310807"",""310808"",""310809"",""310810"",""329724"",""329725""]"
external_literature_review_required,red clover,10,3.75,2.0,"{""high"":9,""moderate"":1}","[""80059"",""311950"",""311951"",""311952"",""311953"",""328037"",""330426"",""330487"",""330488"",""330489""]"
external_literature_review_required,chicory,14,3.675,2.0,"{""moderate"":14}","[""252517"",""253472"",""253473"",""253474"",""270296"",""306369"",""312684"",""312685"",""312686"",""312687""]"
evidence_exists_identity_or_linkage_failed,PRECLIN_BOSWELLIA,10,3.5,5.0,"{""moderate"":10}","[""311175"",""311176"",""311177"",""311178"",""312866"",""329934"",""330458"",""330459"",""330460"",""330461""]"
external_literature_review_required,andrographis,7,3.5,0.0,"{""high"":6,""low"":1}","[""241710"",""321945"",""327376"",""330204"",""330205"",""330206"",""330207""]"
external_literature_review_required,cayenne,7,3.5,0.0,"{""high"":7}","[""312668"",""312669"",""312670"",""312671"",""330541"",""330542"",""330543""]"
external_literature_review_required,chitosan,10,3.5,1.0,"{""moderate"":10}","[""74394"",""213312"",""252518"",""253476"",""253478"",""253479"",""312688"",""312689"",""312690"",""312691""]"
external_literature_review_required,mangosteen,7,3.5,0.0,"{""high"":7}","[""311025"",""311026"",""311027"",""311028"",""329734"",""329735"",""329736""]"
external_literature_review_required,peppermint,7,3.5,1.0,"{""high"":7}","[""251975"",""311416"",""328014"",""328015"",""330231"",""330232"",""330233""]"
external_literature_review_required,bee pollen,13,3.4125,3.0,"{""moderate"":13}","[""26311"",""77658"",""214787"",""218614"",""218625"",""252422"",""253514"",""253533"",""253535"",""310665""]"
external_literature_review_required,fiber,13,3.4125,2.0,"{""moderate"":13}","[""62810"",""228873"",""229984"",""252564"",""255061"",""255062"",""255063"",""259395"",""306224"",""306225""]"
external_literature_review_required,hericium mushroom,19,3.325,5.0,"{""moderate"":19}","[""241808"",""252775"",""254517"",""254518"",""254522"",""306371"",""311679"",""312351"",""312352"",""312353""]"
external_literature_review_required,raspberry ketone,13,3.25,5.0,"{""high"":13}","[""29325"",""254168"",""254169"",""254170"",""254173"",""294378"",""294379"",""311828"",""311829"",""311830""]"
external_literature_review_required,sarsaparilla,13,3.25,4.0,"{""high"":13}","[""205157"",""252731"",""254371"",""254372"",""254373"",""311534"",""311535"",""311536"",""311567"",""330633""]"
external_literature_review_required,artichoke,12,3.15,2.0,"{""moderate"":12}","[""18368"",""30958"",""64707"",""64709"",""200887"",""269954"",""310834"",""310836"",""330256"",""330257""]"
external_literature_review_required,lemon,12,3.15,3.0,"{""moderate"":12}","[""252733"",""254431"",""254437"",""254438"",""312827"",""312828"",""312829"",""312830"",""329989"",""329990""]"
external_literature_review_required,mango,12,3.15,3.0,"{""moderate"":12}","[""252690"",""253930"",""253932"",""253933"",""310977"",""310978"",""310979"",""310980"",""329730"",""329731""]"
external_literature_review_required,alanine,8,3.0,2.0,"{""high"":8}","[""252578"",""253966"",""253968"",""253969"",""312074"",""312075"",""312076"",""312077""]"
external_literature_review_required,collagen,8,3.0,3.0,"{""high"":8}","[""3785"",""74882"",""178677"",""217919"",""243694"",""294458"",""294459"",""328603""]"
external_literature_review_required,horse chestnut,8,3.0,2.0,"{""high"":7,""moderate"":1}","[""18261"",""74668"",""216723"",""328762"",""331005"",""331006"",""331007"",""331008""]"
external_literature_review_required,jujube,12,3.0,5.0,"{""high"":12}","[""294297"",""294298"",""294299"",""294300"",""311885"",""311886"",""311887"",""311888"",""331243"",""331244""]"
external_literature_review_required,juniper,12,3.0,4.0,"{""high"":12}","[""54273"",""252557"",""255040"",""255041"",""255044"",""312056"",""312057"",""312058"",""312059"",""331147""]"
external_literature_review_required,oregano,12,3.0,5.0,"{""high"":12}","[""274480"",""285636"",""311148"",""311149"",""311150"",""311151"",""312981"",""329948"",""330165"",""330166""]"
external_literature_review_required,strontium,6,3.0,1.0,"{""high"":6}","[""62598"",""62637"",""62638"",""185255"",""278363"",""328714""]"
external_literature_review_required,apple,17,2.975,4.0,"{""moderate"":17}","[""231929"",""232062"",""252636"",""253733"",""253735"",""253738"",""295071"",""295072"",""295073"",""310656""]"
external_literature_review_required,hoodia,17,2.975,5.0,"{""moderate"":17}","[""252637"",""254748"",""254749"",""254750"",""311985"",""311986"",""311987"",""311989"",""312906"",""312907""]"
external_literature_review_required,yacon,11,2.8875,3.0,"{""moderate"":11}","[""77044"",""252784"",""254730"",""254731"",""254733"",""311905"",""311906"",""311907"",""311908"",""331259""]"
evidence_exists_identity_or_linkage_failed,INGR_PSYLLIUM_HUSK,8,2.8,4.0,"{""moderate"":8}","[""252907"",""254361"",""254362"",""254363"",""311639"",""311642"",""311646"",""311649""]"
external_literature_review_required,broccoli,16,2.8,5.0,"{""moderate"":16}","[""253943"",""311179"",""311180"",""311181"",""311182"",""311183"",""311184"",""311185"",""311186"",""330462""]"
external_literature_review_required,fructo oligosaccharides,8,2.8,1.0,"{""low"":7,""moderate"":1}","[""47095"",""47096"",""77770"",""259585"",""259590"",""259592"",""259602"",""290590""]"
external_literature_review_required,nattokinase,8,2.8,1.0,"{""moderate"":8}","[""24619"",""277962"",""277963"",""277964"",""277965"",""302692"",""302693"",""315687""]"
external_literature_review_required,kudzu,11,2.75,5.0,"{""high"":11}","[""252569"",""255065"",""255066"",""255067"",""312070"",""312071"",""312072"",""312073"",""331155"",""331156""]"
external_literature_review_required,cherry unspecified,7,2.625,3.0,"{""high"":3,""moderate"":4}","[""294293"",""294294"",""294295"",""311881"",""311882"",""311883"",""311884""]"
external_literature_review_required,fennel,15,2.625,5.0,"{""moderate"":15}","[""63161"",""252481"",""253549"",""253557"",""253559"",""294443"",""294444"",""294445"",""294446"",""312473""]"
external_literature_review_required,green coffee bean,15,2.625,5.0,"{""moderate"":15}","[""29340"",""63306"",""252516"",""253660"",""253665"",""253672"",""312583"",""312584"",""312585"",""312586""]"
external_literature_review_required,natural raspberry powder,15,2.625,5.0,"{""moderate"":15}","[""252665"",""254189"",""254190"",""254191"",""311824"",""311825"",""311826"",""311827"",""311832"",""311833""]"
external_literature_review_required,american ginseng,5,2.5,0.0,"{""high"":5}","[""1627"",""1630"",""18276"",""63928"",""74798""]"
external_literature_review_required,brewer s yeast,5,2.5,1.0,"{""high"":1,""low"":1,""moderate"":3}","[""25492"",""206322"",""214910"",""232728"",""302655""]"
external_literature_review_required,histidine,20,2.5,6.0,"{""high"":20}","[""241772"",""252768"",""252771"",""254464"",""254471"",""254472"",""254482"",""254483"",""254484"",""261613""]"
external_literature_review_required,celery,14,2.45,5.0,"{""low"":1,""moderate"":13}","[""252455"",""253440"",""253441"",""253444"",""312672"",""312673"",""312674"",""312675"",""312871"",""327400""]"
external_literature_review_required,eyebright,14,2.45,5.0,"{""low"":1,""moderate"":13}","[""216303"",""252478"",""253527"",""253530"",""253531"",""312469"",""312470"",""312471"",""312472"",""327957""]"
external_literature_review_required,yohimbe,19,2.375,10.0,"{""high"":19}","[""703"",""5821"",""74634"",""74661"",""252787"",""254734"",""254735"",""254738"",""270831"",""306418""]"
external_literature_review_required,horny goat weed,9,2.3625,3.0,"{""moderate"":9}","[""269548"",""294899"",""294902"",""315650"",""331000"",""331001"",""331002"",""331003"",""331004""]"
external_literature_review_required,marshmallow,9,2.3625,2.0,"{""moderate"":9}","[""241850"",""306351"",""311033"",""311034"",""311035"",""311036"",""312933"",""327994"",""329738""]"
external_literature_review_required,aronia,13,2.275,5.0,"{""moderate"":13}","[""232719"",""252638"",""253742"",""253748"",""253750"",""310803"",""310811"",""310816"",""310817"",""330252""]"
external_literature_review_required,capsicum,13,2.275,4.0,"{""moderate"":13}","[""861"",""63854"",""178556"",""199503"",""251529"",""252453"",""253429"",""253431"",""253432"",""253433""]"
external_literature_review_required,schisandra,13,2.275,5.0,"{""moderate"":13}","[""294537"",""294538"",""294539"",""294540"",""295208"",""311541"",""311542"",""311543"",""311544"",""330720""]"
external_literature_review_required,gamma linolenic acid,6,2.25,2.0,"{""high"":4,""moderate"":2}","[""65773"",""69502"",""181851"",""232718"",""243678"",""328569""]"
evidence_exists_identity_or_linkage_failed,INGR_ECHINACEA,6,2.1,4.0,"{""low"":1,""moderate"":5}","[""73300"",""206905"",""251557"",""251572"",""260118"",""318188""]"
evidence_exists_identity_or_linkage_failed,INGR_GRAPE_SEED_EXTRACT,4,2.1,2.0,"{""moderate"":4}","[""212841"",""228508"",""277697"",""277698""]"
external_literature_review_required,barberry,12,2.1,5.0,"{""moderate"":12}","[""252401"",""253330"",""253333"",""253345"",""310951"",""310952"",""310953"",""310954"",""330294"",""330295""]"
external_literature_review_required,capric acid,8,2.1,3.0,"{""moderate"":8}","[""53872"",""212876"",""251539"",""259503"",""326280"",""326281"",""327403"",""332942""]"
external_literature_review_required,catuaba,12,2.1,5.0,"{""moderate"":12}","[""252449"",""253424"",""253426"",""253428"",""312664"",""312665"",""312666"",""312667"",""330537"",""330538""]"
external_literature_review_required,cnidium,12,2.1,5.0,"{""moderate"":12}","[""252541"",""253646"",""253647"",""253648"",""312743"",""312744"",""312745"",""312746"",""330608"",""330609""]"
external_literature_review_required,flax,8,2.1,3.0,"{""moderate"":8}","[""252503"",""253581"",""253585"",""253586"",""312493"",""312494"",""312495"",""312496""]"
external_literature_review_required,fruit vegetable powders,12,2.1,5.0,"{""moderate"":12}","[""252905"",""254519"",""254520"",""254521"",""311637"",""311638"",""311640"",""311641"",""330851"",""330852""]"
external_literature_review_required,orange,8,2.1,3.0,"{""moderate"":8}","[""311144"",""311145"",""311146"",""311147"",""330161"",""330162"",""330163"",""330164""]"
external_literature_review_required,reishi,6,2.1,1.0,"{""moderate"":6}","[""60843"",""233094"",""241940"",""270730"",""306372"",""328649""]"
evidence_exists_identity_or_linkage_failed,INGR_GINSENG,2,2.0,0.0,"{""high"":2}","[""216392"",""227841""]"
external_literature_review_required,arginine pyroglutamate,4,2.0,1.0,"{""high"":4}","[""312088"",""312089"",""312090"",""312091""]"
external_literature_review_required,borage oil,8,2.0,4.0,"{""high"":1,""moderate"":7}","[""77205"",""213719"",""213720"",""213725"",""218723"",""223170"",""307565"",""327884""]"
external_literature_review_required,cocoa,8,2.0,5.0,"{""high"":8}","[""311360"",""311365"",""311366"",""311367"",""330612"",""330613"",""330614"",""330615""]"
external_literature_review_required,creatinol o phosphate,8,2.0,5.0,"{""high"":8}","[""252594"",""253780"",""253782"",""253784"",""312754"",""312755"",""312756"",""312757""]"
external_literature_review_required,l pyroglutamic acid,8,2.0,5.0,"{""high"":8}","[""252821"",""254743"",""254744"",""254745"",""312264"",""312265"",""312266"",""312267""]"
external_literature_review_required,phenethylamine,8,2.0,5.0,"{""high"":8}","[""294575"",""294576"",""294577"",""294578"",""330238"",""330239"",""330240"",""330241""]"
external_literature_review_required,black radish,11,1.925,5.0,"{""moderate"":11}","[""252485"",""253887"",""253891"",""253893"",""310701"",""310702"",""310703"",""310704"",""330440"",""330441""]"
external_literature_review_required,butcher s broom,11,1.925,5.0,"{""moderate"":11}","[""77634"",""252502"",""253953"",""253955"",""253956"",""311195"",""311196"",""311197"",""311198"",""330478""]"
external_literature_review_required,camu camu,11,1.925,5.0,"{""moderate"":11}","[""252435"",""253379"",""253385"",""253387"",""311279"",""311280"",""311281"",""311282"",""330516"",""330517""]"
external_literature_review_required,cordyceps,11,1.925,4.0,"{""high"":1,""moderate"":10}","[""184369"",""241747"",""269330"",""269331"",""311441"",""312881"",""329978"",""330645"",""330646"",""330647""]"
external_literature_review_required,cucumber,11,1.925,5.0,"{""moderate"":11}","[""252596"",""253786"",""253787"",""253788"",""311460"",""311461"",""311492"",""311493"",""330673"",""330675""]"
external_literature_review_required,graviola,11,1.925,5.0,"{""moderate"":11}","[""252536"",""253765"",""253767"",""253772"",""312791"",""312792"",""312793"",""312794"",""330975"",""330976""]"
external_literature_review_required,hibiscus extract,11,1.925,5.0,"{""moderate"":11}","[""252607"",""254665"",""254670"",""254678"",""311977"",""311978"",""311979"",""311980"",""330986"",""330987""]"
external_literature_review_required,luo han guo,11,1.925,5.0,"{""moderate"":11}","[""252848"",""254855"",""254856"",""254858"",""312292"",""312293"",""312294"",""312295"",""329756"",""329757""]"
external_literature_review_required,mulberry mistletoe,11,1.925,5.0,"{""moderate"":11}","[""252780"",""254058"",""254061"",""254063"",""311074"",""311075"",""311076"",""311077"",""329775"",""329776""]"
external_literature_review_required,blood orange extract,5,1.875,2.0,"{""high"":4,""low"":1}","[""45114"",""49629"",""67292"",""312700"",""317648""]"
external_literature_review_required,corn silk,5,1.875,3.0,"{""high"":5}","[""330652"",""330653"",""330654"",""330655"",""333716""]"
reference_or_mechanism_only,INGR_COPPER,9,1.8,1.0,"{""high"":2,""moderate"":7}","[""2266"",""228792"",""259360"",""293422"",""295469"",""317026"",""327915"",""328129"",""337208""]"
evidence_exists_identity_or_linkage_failed,INGR_GINGER,5,1.75,4.0,"{""moderate"":5}","[""306222"",""330943"",""330944"",""330945"",""330946""]"
external_literature_review_required,cissus quadrangularis,10,1.75,4.0,"{""moderate"":10}","[""241729"",""294463"",""294464"",""294465"",""294466"",""294467"",""311357"",""311358"",""311359"",""312874""]"
external_literature_review_required,grapefruit seed,10,1.75,4.0,"{""moderate"":10}","[""79226"",""252507"",""253593"",""253594"",""253596"",""312582"",""330968"",""330969"",""330970"",""333648""]"
external_literature_review_required,moringa,10,1.75,4.0,"{""moderate"":10}","[""241881"",""306357"",""329759"",""329760"",""329761"",""329762"",""330030"",""330031"",""330032"",""330033""]"
external_literature_review_required,muira puama,10,1.75,5.0,"{""moderate"":10}","[""252778"",""254051"",""254053"",""254057"",""311070"",""311071"",""311072"",""311073"",""329772"",""329774""]"
external_literature_review_required,oat bran,5,1.75,1.0,"{""low"":1,""moderate"":4}","[""44169"",""44171"",""76540"",""219048"",""219049""]"
external_literature_review_required,oat straw,7,1.75,5.0,"{""high"":7}","[""311132"",""311133"",""311134"",""311135"",""330142"",""330143"",""330144""]"
external_literature_review_required,policosanol,5,1.75,0.0,"{""moderate"":5}","[""4143"",""60811"",""201591"",""278233"",""278234""]"
external_literature_review_required,pumpkin seed oil,5,1.75,1.0,"{""moderate"":5}","[""224785"",""259506"",""294381"",""312983"",""330067""]"
external_literature_review_required,rose hip,7,1.75,5.0,"{""high"":6,""moderate"":1}","[""312328"",""312329"",""312330"",""312331"",""330597"",""330598"",""330599""]"
evidence_exists_identity_or_linkage_failed,INGR_SAW_PALMETTO,3,1.575,3.0,"{""moderate"":3}","[""212783"",""269286"",""269589""]"
external_literature_review_required,bacillus subtilis,6,1.575,2.0,"{""moderate"":6}","[""222741"",""222746"",""222870"",""222876"",""274293"",""327396""]"
external_literature_review_required,bearberry leaf extract,9,1.575,5.0,"{""moderate"":9}","[""252759"",""254318"",""254319"",""254321"",""311750"",""311751"",""311752"",""311753"",""331034""]"
external_literature_review_required,beet powder,6,1.575,3.0,"{""moderate"":6}","[""312862"",""312996"",""313525"",""313526"",""315590"",""329920""]"
external_literature_review_required,burdock,9,1.575,5.0,"{""moderate"":9}","[""311191"",""311192"",""311193"",""311194"",""327888"",""330474"",""330475"",""330476"",""330477""]"
external_literature_review_required,damiana,9,1.575,4.0,"{""moderate"":9}","[""312758"",""312759"",""312760"",""312761"",""315655"",""327945"",""330781"",""330782"",""330795""]"
external_literature_review_required,shiitake,6,1.575,2.0,"{""moderate"":6}","[""306373"",""306387"",""330734"",""330735"",""330736"",""330737""]"
external_literature_review_required,french maritime pine pinus pinaster extract,3,1.5,1.0,"{""high"":3}","[""278340"",""278341"",""278342""]"
external_literature_review_required,glutamic acid,6,1.5,5.0,"{""high"":6}","[""214079"",""218220"",""312145"",""312146"",""312147"",""312148""]"
external_literature_review_required,gynostemma leaf stem extract,6,1.5,5.0,"{""high"":6}","[""312807"",""312808"",""312809"",""312810"",""312904"",""330017""]"
external_literature_review_required,mastic,3,1.5,1.0,"{""high"":3}","[""307648"",""307649"",""315682""]"
external_literature_review_required,nettle leaves powder,3,1.5,1.0,"{""high"":3}","[""859"",""35926"",""63956""]"
external_literature_review_required,noni,4,1.5,2.0,"{""high"":4}","[""65029"",""73332"",""79219"",""209389""]"
external_literature_review_required,protein,3,1.5,0.0,"{""high"":2,""moderate"":1}","[""294048"",""294073"",""306350""]"
external_literature_review_required,saffron,3,1.5,0.0,"{""high"":3}","[""271608"",""328617"",""338581""]"
evidence_exists_identity_or_linkage_failed,INGR_ASTRAGALUS,4,1.4,4.0,"{""moderate"":4}","[""863"",""74595"",""222704"",""312860""]"
external_literature_review_required,3beta hydroxypregn 5 en 20 one,4,1.4,0.0,"{""moderate"":4}","[""278246"",""278247"",""278248"",""278249""]"
external_literature_review_required,black maca powder,4,1.4,0.0,"{""moderate"":4}","[""329925"",""329926"",""329927"",""329928""]"
external_literature_review_required,buckthorn,8,1.4,5.0,"{""moderate"":8}","[""311187"",""311188"",""311189"",""311190"",""330470"",""330471"",""330472"",""330473""]"
external_literature_review_required,chinese goldthread,8,1.4,5.0,"{""moderate"":8}","[""311377"",""311385"",""311386"",""311387"",""330634"",""330635"",""330636"",""330637""]"
external_literature_review_required,d glucuronolactone,8,1.4,5.0,"{""moderate"":8}","[""252550"",""294980"",""294982"",""294983"",""311505"",""311506"",""311507"",""311508""]"
external_literature_review_required,dragon fruit,8,1.4,5.0,"{""moderate"":8}","[""252528"",""253798"",""253801"",""253803"",""312433"",""312434"",""312435"",""312436""]"
external_literature_review_required,maitake,4,1.4,1.0,"{""moderate"":4}","[""12869"",""65715"",""220046"",""294009""]"
external_literature_review_required,motherwort,8,1.4,5.0,"{""moderate"":8}","[""252752"",""254026"",""254027"",""254030"",""329763"",""329764"",""329765"",""329766""]"
external_literature_review_required,oolong tea leaf,8,1.4,5.0,"{""moderate"":8}","[""312833"",""312834"",""312835"",""312836"",""330152"",""330153"",""330159"",""330160""]"
external_literature_review_required,orotic acid,8,1.4,5.0,"{""moderate"":8}","[""252656"",""255013"",""255014"",""255015"",""311220"",""311221"",""311222"",""311223""]"
external_literature_review_required,proprietary blend combination,7,1.4,1.0,"{""low"":2,""moderate"":5}","[""4156"",""19598"",""63044"",""227922"",""232321"",""241286"",""274270""]"
external_literature_review_required,white mulberry,8,1.4,5.0,"{""moderate"":8}","[""294282"",""294283"",""294284"",""294285"",""311864"",""311865"",""311866"",""311867""]"
external_literature_review_required,coriolus versicolor sporocarp extract,5,1.3125,3.0,"{""moderate"":5}","[""312957"",""330677"",""330678"",""330679"",""330680""]"
external_literature_review_required,green lipped mussel,5,1.3125,3.0,"{""moderate"":5}","[""330009"",""330010"",""330011"",""330012"",""330013""]"
external_literature_review_required,anise,5,1.25,5.0,"{""high"":5}","[""311657"",""311658"",""311660"",""330859"",""330861""]"
external_literature_review_required,blood orange fruit extract,7,1.225,5.0,"{""moderate"":7}","[""311168"",""311169"",""311170"",""311171"",""330447"",""330448"",""330449""]"
external_literature_review_required,corydalis,7,1.225,5.0,"{""moderate"":7}","[""311452"",""311453"",""311454"",""311455"",""330656"",""330657"",""330658""]"
external_literature_review_required,epimedium,7,1.225,5.0,"{""moderate"":7}","[""294900"",""294901"",""311993"",""311994"",""311995"",""311996"",""312908""]"
external_literature_review_required,plantain,7,1.225,5.0,"{""moderate"":7}","[""252830"",""254232"",""254233"",""254235"",""330302"",""330303"",""330304""]"
external_literature_review_required,portulaca oleracea whole herb extract,7,1.225,5.0,"{""moderate"":7}","[""311487"",""311488"",""311489"",""311490"",""330308"",""330309"",""330310""]"
external_literature_review_required,rehmannia,7,1.225,5.0,"{""moderate"":7}","[""311958"",""311959"",""311960"",""311961"",""330494"",""330496"",""330510""]"
external_literature_review_required,natural strawberry flavor,13,1.1375,8.0,"{""moderate"":13}","[""252929"",""254563"",""254565"",""294359"",""294360"",""294361"",""294362"",""311667"",""311668"",""311669""]"
external_literature_review_required,wheatgrass,13,1.1375,8.0,"{""moderate"":13}","[""294319"",""294320"",""294321"",""294322"",""306376"",""311844"",""311845"",""311846"",""311847"",""313000""]"
external_literature_review_required,citrus bioflavonoid complex,3,1.125,2.0,"{""high"":2,""moderate"":1}","[""60256"",""64003"",""64007""]"
external_literature_review_required,flaxseed,3,1.125,2.0,"{""high"":1,""moderate"":2}","[""83224"",""251657"",""328814""]"
external_literature_review_required,oil of oregano,3,1.125,3.0,"{""high"":3}","[""253232"",""294398"",""294399""]"
evidence_exists_identity_or_linkage_failed,INGR_PLANT_STEROLS,3,1.05,5.0,"{""moderate"":3}","[""291789"",""293931"",""295505""]"
evidence_exists_identity_or_linkage_failed,INGR_QUERCETIN,2,1.05,2.0,"{""moderate"":2}","[""309492"",""326284""]"
evidence_exists_identity_or_linkage_failed,INGR_ST_JOHNS_WORT,2,1.05,2.0,"{""moderate"":2}","[""18219"",""74615""]"
evidence_exists_identity_or_linkage_failed,PRECLIN_ARTICHOKE,6,1.05,7.0,"{""moderate"":6}","[""252639"",""253754"",""253756"",""253758"",""310831"",""310838""]"
external_literature_review_required,beta 1 3 1 6 glucan,3,1.05,0.0,"{""high"":1,""moderate"":2}","[""269319"",""269320"",""307558""]"
external_literature_review_required,black cherry,4,1.05,3.0,"{""high"":3,""moderate"":1}","[""2240"",""74656"",""74657"",""294296""]"
external_literature_review_required,c8 mct oil powder,3,1.05,0.0,"{""moderate"":3}","[""306191"",""307774"",""307775""]"
external_literature_review_required,caralluma,12,1.05,7.0,"{""moderate"":12}","[""252437"",""253389"",""253391"",""253392"",""311283"",""311284"",""311285"",""311286"",""330519"",""330520""]"
external_literature_review_required,cardiose flavonoid glycoside,3,1.05,1.0,"{""moderate"":3}","[""210788"",""210815"",""328442""]"
external_literature_review_required,dl malic acid,12,1.05,9.0,"{""moderate"":12}","[""252477"",""253529"",""253541"",""253543"",""312409"",""312410"",""312411"",""312412"",""329888"",""329889""]"
external_literature_review_required,fruits,12,1.05,8.0,"{""moderate"":12}","[""252804"",""254225"",""254227"",""254228"",""311471"",""311472"",""311473"",""311474"",""330298"",""330299""]"
external_literature_review_required,irish moss,6,1.05,5.0,"{""moderate"":6}","[""255597"",""315694"",""330047"",""330048"",""330049"",""330050""]"
external_literature_review_required,phosphatidylserine,3,1.05,1.0,"{""low"":1,""moderate"":2}","[""243046"",""287463"",""328646""]"
external_literature_review_required,turmeric,3,1.05,1.0,"{""moderate"":3}","[""180094"",""210718"",""271554""]"
evidence_exists_identity_or_linkage_failed,INGR_NAC,2,1.0,5.0,"{""high"":2}","[""294005"",""295525""]"
external_literature_review_required,ajuga turkest whole herb extract,4,1.0,5.0,"{""high"":4}","[""310625"",""310626"",""310627"",""310628""]"
external_literature_review_required,buckthorn bark extract,4,1.0,5.0,"{""high"":4}","[""252498"",""253947"",""253948"",""253949""]"
external_literature_review_required,chanca piedra,4,1.0,5.0,"{""high"":4}","[""330561"",""330562"",""330563"",""330564""]"
external_literature_review_required,chasteberry,2,1.0,1.0,"{""high"":2}","[""47519"",""63822""]"
external_literature_review_required,d limonene,2,1.0,1.0,"{""high"":1,""moderate"":1}","[""201213"",""259397""]"
external_literature_review_required,dark sweet cherry,2,1.0,1.0,"{""high"":1,""moderate"":1}","[""251938"",""333713""]"
external_literature_review_required,diosmin,2,1.0,0.0,"{""high"":1,""low"":1}","[""241290"",""328799""]"
external_literature_review_required,flavonoids,2,1.0,0.0,"{""high"":2}","[""327980"",""327982""]"
external_literature_review_required,ipriflavone,2,1.0,1.0,"{""high"":2}","[""214586"",""246235""]"
external_literature_review_required,l glutamic acid,4,1.0,5.0,"{""high"":4}","[""312149"",""312150"",""312151"",""312152""]"
external_literature_review_required,l valine,8,1.0,7.0,"{""high"":8}","[""252851"",""254888"",""254889"",""254890"",""312300"",""312301"",""312302"",""312303""]"
external_literature_review_required,nettle root extract,4,1.0,5.0,"{""high"":4}","[""311116"",""311117"",""311118"",""311119""]"
external_literature_review_required,phenylethylamine,4,1.0,5.0,"{""high"":4}","[""252785"",""254201"",""254202"",""254203""]"
external_literature_review_required,stinging nettle,4,1.0,5.0,"{""high"":4}","[""330073"",""330074"",""330075"",""330076""]"
external_literature_review_required,glycerol monostearate,11,0.9625,9.0,"{""moderate"":11}","[""252461"",""253471"",""253475"",""253480"",""312559"",""312560"",""312561"",""312562"",""330952"",""330953""]"
external_literature_review_required,oyster extract,11,0.9625,9.0,"{""moderate"":11}","[""252657"",""255029"",""255030"",""255031"",""294580"",""294581"",""294582"",""330190"",""330191"",""330192""]"
evidence_exists_identity_or_linkage_failed,INGR_GREEN_TEA,5,0.875,8.0,"{""low"":1,""moderate"":4}","[""211015"",""311037"",""311038"",""311039"",""311040""]"
external_literature_review_required,coconut oil,5,0.875,5.0,"{""moderate"":5}","[""294460"",""294461"",""312965"",""327918"",""329975""]"
external_literature_review_required,paba,7,0.875,7.0,"{""high"":7}","[""252646"",""254141"",""254143"",""254144"",""331295"",""331296"",""331297""]"
external_literature_review_required,parsley,5,0.875,5.0,"{""moderate"":5}","[""79121"",""311396"",""311397"",""311398"",""311399""]"
external_literature_review_required,asparagus,9,0.7875,7.0,"{""moderate"":9}","[""252645"",""253910"",""253915"",""253919"",""310886"",""310897"",""330273"",""330274"",""330275""]"
external_literature_review_required,black currant,9,0.7875,8.0,"{""moderate"":9}","[""310710"",""310711"",""310712"",""310713"",""312865"",""330443"",""330444"",""330445"",""330446""]"
external_literature_review_required,flax seed oil,3,0.7875,2.0,"{""moderate"":3}","[""2248"",""17794"",""74771""]"
external_literature_review_required,uva ursi,3,0.7875,3.0,"{""moderate"":3}","[""62300"",""304708"",""306397""]"
evidence_exists_identity_or_linkage_failed,PRECLIN_PQQ,1,0.75,3.0,"{""high"":1}","[""278360""]"
external_literature_review_required,ajuga turkest extract,2,0.75,3.0,"{""high"":2}","[""253507"",""253511""]"
external_literature_review_required,cascara sagrada,15,0.75,13.0,"{""high"":15}","[""17149"",""18313"",""252441"",""253399"",""253403"",""253404"",""311301"",""311302"",""311303"",""311304""]"
external_literature_review_required,chlorophyll,2,0.75,3.0,"{""high"":2}","[""315657"",""328310""]"
external_literature_review_required,ellagic acid,3,0.75,5.0,"{""high"":3}","[""252832"",""254237"",""254238""]"
external_literature_review_required,lactobacillus reuteri,3,0.75,4.0,"{""high"":3}","[""74379"",""74383"",""76239""]"
external_literature_review_required,mullein,2,0.75,3.0,"{""high"":2}","[""28965"",""315684""]"
external_literature_review_required,pau d arco,2,0.75,3.0,"{""high"":2}","[""79323"",""213142""]"
external_literature_review_required,silica,3,0.75,4.0,"{""high"":2,""moderate"":1}","[""204080"",""204083"",""330072""]"
evidence_exists_identity_or_linkage_failed,INGR_CRANBERRY,2,0.7,4.0,"{""low"":1,""moderate"":1}","[""74364"",""327941""]"
evidence_exists_identity_or_linkage_failed,INGR_INULIN,1,0.7,1.0,"{""moderate"":1}","[""227960""]"
evidence_exists_identity_or_linkage_failed,INGR_LION_MANE,2,0.7,5.0,"{""moderate"":2}","[""306330"",""329996""]"
evidence_exists_identity_or_linkage_failed,PRECLIN_DIM,4,0.7,6.0,"{""low"":2,""moderate"":2}","[""246078"",""293959"",""333910"",""333911""]"
external_literature_review_required,add sugar alcohols,8,0.7,10.0,"{""moderate"":8}","[""252699"",""253990"",""253992"",""253993"",""311029"",""311030"",""311031"",""311032""]"
external_literature_review_required,asparagus racemosus,2,0.7,1.0,"{""moderate"":2}","[""270620"",""310885""]"
external_literature_review_required,carrot,8,0.7,8.0,"{""moderate"":8}","[""252438"",""253394"",""253396"",""253397"",""311287"",""311288"",""311289"",""311290""]"
external_literature_review_required,common plantain,4,0.7,5.0,"{""moderate"":4}","[""311475"",""311476"",""311477"",""311478""]"
external_literature_review_required,daidzein,2,0.7,1.0,"{""moderate"":2}","[""4147"",""328758""]"
external_literature_review_required,galla chinensis,8,0.7,7.0,"{""moderate"":8}","[""252355"",""253265"",""253266"",""253267"",""312513"",""312514"",""312515"",""312516""]"
external_literature_review_required,nad,2,0.7,0.0,"{""moderate"":2}","[""315686"",""333649""]"
external_literature_review_required,palmitoleic acid,2,0.7,1.0,"{""moderate"":2}","[""63288"",""232039""]"
external_literature_review_required,passion fruit,4,0.7,5.0,"{""moderate"":4}","[""311406"",""311407"",""311408"",""330230""]"
external_literature_review_required,perilla aerial part extract,4,0.7,5.0,"{""moderate"":4}","[""311422"",""311423"",""311424"",""311425""]"
external_literature_review_required,phosphatidylcholine,2,0.7,0.0,"{""moderate"":2}","[""306276"",""328474""]"
external_literature_review_required,triphala powder,8,0.7,8.0,"{""moderate"":8}","[""254192"",""254196"",""254198"",""312956"",""330899"",""330900"",""330901"",""330902""]"
external_literature_review_required,watermelon,8,0.7,7.0,"{""moderate"":8}","[""294325"",""311840"",""311841"",""311842"",""311843"",""331095"",""331096"",""331098""]"
external_literature_review_required,add calcium disodium edta,7,0.6125,9.0,"{""moderate"":7}","[""252426"",""253335"",""253336"",""311259"",""311260"",""311261"",""311262""]"
external_literature_review_required,add disodium edta,7,0.6125,9.0,"{""moderate"":7}","[""252358"",""253350"",""253357"",""312449"",""312450"",""312451"",""312452""]"
external_literature_review_required,cartilage,7,0.6125,8.0,"{""moderate"":7}","[""76808"",""76809"",""311554"",""328781"",""330731"",""330732"",""330733""]"
external_literature_review_required,coconut oil derivatives,7,0.6125,6.0,"{""moderate"":7}","[""31034"",""78309"",""78355"",""220056"",""242242"",""268390"",""307585""]"
external_literature_review_required,kale,7,0.6125,8.0,"{""moderate"":7}","[""312060"",""312061"",""312062"",""329985"",""329986"",""329987"",""329988""]"
external_literature_review_required,kelp,7,0.6125,7.0,"{""moderate"":7}","[""312063"",""312064"",""312065"",""312066"",""331151"",""331152"",""331154""]"
external_literature_review_required,lime,7,0.6125,8.0,"{""moderate"":7}","[""312169"",""312170"",""312171"",""312172"",""331164"",""331165"",""331166""]"
external_literature_review_required,okra,7,0.6125,7.0,"{""moderate"":7}","[""311136"",""311137"",""311138"",""311139"",""330145"",""330146"",""330147""]"
external_literature_review_required,dehydroepiandrosterone,17,0.595,13.0,"{""moderate"":17}","[""4176"",""27448"",""49313"",""63685"",""73426"",""231693"",""231696"",""231705"",""232234"",""241748""]"
evidence_exists_identity_or_linkage_failed,INGR_TURMERIC,1,0.525,2.0,"{""moderate"":1}","[""328460""]"
external_literature_review_required,activamp gynostemma pentaphyllum extract,2,0.525,3.0,"{""moderate"":2}","[""57868"",""59501""]"
external_literature_review_required,add polydextrose,2,0.525,2.0,"{""high"":1,""moderate"":1}","[""213508"",""219865""]"
external_literature_review_required,artemisinin,3,0.525,5.0,"{""high"":2,""moderate"":1}","[""221439"",""241711"",""302638""]"
external_literature_review_required,beet,2,0.525,2.0,"{""moderate"":2}","[""178424"",""337241""]"
external_literature_review_required,beet root powder,2,0.525,2.0,"{""moderate"":2}","[""212535"",""253555""]"
external_literature_review_required,bile,2,0.525,2.0,"{""moderate"":2}","[""270622"",""272973""]"
external_literature_review_required,bioenergy ribose,2,0.525,3.0,"{""moderate"":2}","[""302653"",""328437""]"
external_literature_review_required,chaste tree,3,0.525,5.0,"{""moderate"":3}","[""330565"",""330567"",""330568""]"
external_literature_review_required,citric acid,2,0.525,3.0,"{""moderate"":2}","[""306199"",""311684""]"
external_literature_review_required,coffeegenic green coffee extract,2,0.525,3.0,"{""moderate"":2}","[""59504"",""231908""]"
external_literature_review_required,coleus forskohlii,3,0.525,4.0,"{""moderate"":3}","[""212853"",""231895"",""269404""]"
external_literature_review_required,dehydroepiandrosterone micronized,6,0.525,9.0,"{""moderate"":6}","[""322380"",""323053"",""323054"",""323055"",""323056"",""323057""]"
external_literature_review_required,linoleic acid,2,0.525,2.0,"{""moderate"":2}","[""207529"",""211424""]"
external_literature_review_required,lumbrokinase,2,0.525,2.0,"{""moderate"":2}","[""63230"",""315659""]"
external_literature_review_required,perilla leaf,3,0.525,5.0,"{""moderate"":3}","[""330235"",""330236"",""330237""]"
external_literature_review_required,uridine 5 monophosphate,2,0.525,2.0,"{""moderate"":2}","[""212082"",""241966""]"
external_literature_review_required,adenosine triphosphate,2,0.5,5.0,"{""high"":1,""moderate"":1}","[""59103"",""213850""]"
external_literature_review_required,ashwagandha,1,0.5,1.0,"{""high"":1}","[""227849""]"
external_literature_review_required,casein decapeptide,1,0.5,1.0,"{""high"":1}","[""328851""]"
external_literature_review_required,corn,2,0.5,4.0,"{""high"":1,""moderate"":1}","[""214903"",""259627""]"
external_literature_review_required,english ivy,2,0.5,4.0,"{""high"":2}","[""212385"",""293290""]"
external_literature_review_required,french maritime pine extract,1,0.5,1.0,"{""high"":1}","[""278339""]"
external_literature_review_required,french oak,1,0.5,1.0,"{""high"":1}","[""328443""]"
external_literature_review_required,gingko bilboa leaf extract,1,0.5,0.0,"{""high"":1}","[""69500""]"
external_literature_review_required,niagen,1,0.5,1.0,"{""high"":1}","[""332696""]"
external_literature_review_required,oleuropein,1,0.5,0.0,"{""high"":1}","[""328004""]"
external_literature_review_required,polyphenols,1,0.5,0.0,"{""high"":1}","[""333765""]"
external_literature_review_required,silicon,1,0.5,1.0,"{""high"":1}","[""212353""]"
external_literature_review_required,fructooligosaccharides,3,0.45,2.0,"{""low"":3}","[""54459"",""213810"",""230143""]"
external_literature_review_required,alpha glucan oligosaccharide,5,0.4375,8.0,"{""moderate"":5}","[""213846"",""252635"",""254271"",""254272"",""254273""]"
external_literature_review_required,anise pimpinella anisum,5,0.4375,7.0,"{""moderate"":5}","[""252910"",""254540"",""254541"",""254542"",""311662""]"
external_literature_review_required,black rice,5,0.4375,7.0,"{""moderate"":5}","[""310705"",""310706"",""310707"",""310708"",""310709""]"
external_literature_review_required,naringenin,8,0.4,12.0,"{""high"":8}","[""311105"",""311106"",""311107"",""311108"",""330127"",""330128"",""330129"",""330130""]"
external_literature_review_required,acetyl l carnitine arginate,1,0.375,3.0,"{""high"":1}","[""81808""]"
external_literature_review_required,aescin,1,0.375,2.0,"{""high"":1}","[""327983""]"
external_literature_review_required,alpha galactosidase,1,0.375,2.0,"{""high"":1}","[""82372""]"
external_literature_review_required,bergamot,1,0.375,3.0,"{""high"":1}","[""264734""]"
external_literature_review_required,black walnut,1,0.375,2.0,"{""high"":1}","[""251519""]"
external_literature_review_required,centrophenoxine,1,0.375,2.0,"{""high"":1}","[""241725""]"
external_literature_review_required,d chiro inositol,1,0.375,3.0,"{""high"":1}","[""287471""]"
external_literature_review_required,delphinol,1,0.375,2.0,"{""high"":1}","[""328469""]"
external_literature_review_required,extramel,1,0.375,2.0,"{""high"":1}","[""328521""]"
external_literature_review_required,fatty acid profile component,3,0.375,7.0,"{""high"":2,""low"":1}","[""59478"",""74011"",""232132""]"
external_literature_review_required,keratin,1,0.375,2.0,"{""high"":1}","[""286151""]"
external_literature_review_required,lactobacillus rhamnosus,1,0.375,2.0,"{""high"":1}","[""328476""]"
external_literature_review_required,lignans,1,0.375,2.0,"{""high"":1}","[""328717""]"
external_literature_review_required,mesembrine,1,0.375,2.0,"{""high"":1}","[""302645""]"
external_literature_review_required,neem,1,0.375,2.0,"{""high"":1}","[""333761""]"
external_literature_review_required,nettle,1,0.375,3.0,"{""high"":1}","[""328001""]"
external_literature_review_required,paeoniflorin,1,0.375,2.0,"{""high"":1}","[""328638""]"
external_literature_review_required,raw red clover powder,1,0.375,2.0,"{""high"":1}","[""219149""]"
external_literature_review_required,raw vegetal silica powder,1,0.375,2.0,"{""high"":1}","[""216405""]"
evidence_exists_identity_or_linkage_failed,INGR_CALCIUM,1,0.35,5.0,"{""moderate"":1}","[""293926""]"
evidence_exists_identity_or_linkage_failed,INGR_VALERIAN,1,0.35,4.0,"{""moderate"":1}","[""239743""]"
evidence_exists_identity_or_linkage_failed,INGR_WHEY_PROTEIN,2,0.35,7.0,"{""moderate"":2}","[""66953"",""74718""]"
external_literature_review_required,adrenal,2,0.35,5.0,"{""moderate"":2}","[""298023"",""337227""]"
external_literature_review_required,arabinogalactan,2,0.35,4.0,"{""moderate"":2}","[""293889"",""295494""]"
external_literature_review_required,banana powder,4,0.35,8.0,"{""moderate"":4}","[""310928"",""310930"",""310931"",""310949""]"
external_literature_review_required,biocore recovery tm enzyme blend,1,0.35,0.0,"{""moderate"":1}","[""18480""]"
external_literature_review_required,centellicum gotu kola extract,1,0.35,1.0,"{""moderate"":1}","[""232628""]"
external_literature_review_required,choline,1,0.35,0.0,"{""moderate"":1}","[""201366""]"
external_literature_review_required,coconut,4,0.35,10.0,"{""moderate"":4}","[""330616"",""330617"",""330618"",""330619""]"
external_literature_review_required,coptis chinensis extract,4,0.35,7.0,"{""moderate"":4}","[""252567"",""253669"",""253670"",""253671""]"
external_literature_review_required,dog rose,4,0.35,7.0,"{""moderate"":4}","[""252691"",""254298"",""254299"",""254300""]"
external_literature_review_required,extra virgin coconut oil,2,0.35,4.0,"{""moderate"":2}","[""223046"",""251538""]"
external_literature_review_required,fiber unspecified,2,0.35,4.0,"{""moderate"":2}","[""210865"",""232350""]"
external_literature_review_required,guar,4,0.35,9.0,"{""moderate"":4}","[""312795"",""312796"",""312797"",""312798""]"
external_literature_review_required,guarana,4,0.35,6.0,"{""moderate"":4}","[""252539"",""253774"",""253778"",""253781""]"
external_literature_review_required,hmrlignan norway spruce picea abies lignan extract,1,0.35,1.0,"{""moderate"":1}","[""58912""]"
external_literature_review_required,indian tinospora,2,0.35,5.0,"{""moderate"":2}","[""210658"",""232237""]"
external_literature_review_required,integra lean african mango irvingia gabonensis proprietary extract,2,0.35,4.0,"{""moderate"":2}","[""59065"",""231788""]"
external_literature_review_required,kawaratake,2,0.35,4.0,"{""moderate"":2}","[""255571"",""299039""]"
external_literature_review_required,kelp extract,4,0.35,7.0,"{""moderate"":4}","[""252562"",""255054"",""255055"",""255057""]"
external_literature_review_required,licorice,2,0.35,4.0,"{""moderate"":2}","[""12866"",""63823""]"
external_literature_review_required,lo han guo,4,0.35,7.0,"{""moderate"":4}","[""329898"",""329899"",""329900"",""329901""]"
external_literature_review_required,modified citrus pectin,1,0.35,1.0,"{""moderate"":1}","[""251233""]"
external_literature_review_required,monolaurin,1,0.35,0.0,"{""moderate"":1}","[""241871""]"
external_literature_review_required,mushroom extracts,4,0.35,7.0,"{""moderate"":4}","[""330511"",""330512"",""330513"",""330514""]"
external_literature_review_required,myrrh,2,0.35,4.0,"{""moderate"":2}","[""78762"",""270610""]"
external_literature_review_required,oolong tea extract,4,0.35,7.0,"{""moderate"":4}","[""252652"",""254980"",""254981"",""254982""]"
external_literature_review_required,portulaca oleracea extract,4,0.35,7.0,"{""moderate"":4}","[""252835"",""254320"",""254322"",""254323""]"
external_literature_review_required,proprietary blend,7,0.35,7.0,"{""low"":7}","[""81811"",""267907"",""267922"",""267923"",""270664"",""328030"",""332945""]"
external_literature_review_required,acacia fiber,3,0.3,5.0,"{""low"":2,""moderate"":1}","[""66822"",""232979"",""275464""]"
external_literature_review_required,organic prebiotic fiber blend,3,0.3,4.0,"{""low"":3}","[""233013"",""233016"",""274135""]"
external_literature_review_required,7 keto dhea,8,0.28,13.0,"{""moderate"":8}","[""231706"",""246179"",""293868"",""293869"",""293870"",""295133"",""295329"",""307546""]"
external_literature_review_required,adrenal cortex,1,0.2625,2.0,"{""moderate"":1}","[""183735""]"
external_literature_review_required,arginine akg,1,0.2625,2.0,"{""moderate"":1}","[""306059""]"
external_literature_review_required,astragalus root,1,0.2625,2.0,"{""moderate"":1}","[""328831""]"
external_literature_review_required,aurorablue,1,0.2625,3.0,"{""moderate"":1}","[""328293""]"
external_literature_review_required,avocado oil,3,0.2625,9.0,"{""moderate"":3}","[""294485"",""294486"",""329918""]"
external_literature_review_required,beef liver,1,0.2625,3.0,"{""moderate"":1}","[""270421""]"
external_literature_review_required,beet extract,3,0.2625,7.0,"{""moderate"":3}","[""310983"",""310984"",""310985""]"
external_literature_review_required,bimuno b gos galactooligosaccharides,1,0.2625,3.0,"{""moderate"":1}","[""304444""]"
external_literature_review_required,biocore dairy,3,0.2625,8.0,"{""moderate"":3}","[""293966"",""293967"",""299053""]"
external_literature_review_required,butyric acid,1,0.2625,3.0,"{""moderate"":1}","[""294057""]"
external_literature_review_required,diamine oxidase,1,0.2625,2.0,"{""moderate"":1}","[""317962""]"
external_literature_review_required,fadogia agrestis,1,0.2625,3.0,"{""moderate"":1}","[""315646""]"
external_literature_review_required,korean pine,1,0.2625,3.0,"{""moderate"":1}","[""62056""]"
external_literature_review_required,maritime pine,1,0.2625,2.0,"{""moderate"":1}","[""270624""]"
external_literature_review_required,mimosa pudica,1,0.2625,2.0,"{""moderate"":1}","[""241863""]"
external_literature_review_required,nha xanthan gum,3,0.2625,9.0,"{""moderate"":3}","[""330103"",""330104"",""330105""]"
external_literature_review_required,phosphatidyl choline complex,1,0.2625,2.0,"{""moderate"":1}","[""315689""]"
external_literature_review_required,suma,1,0.2625,3.0,"{""moderate"":1}","[""213218""]"
external_literature_review_required,advanced acidophilus complex,1,0.25,4.0,"{""high"":1}","[""217189""]"
external_literature_review_required,ajuga turkest,2,0.25,6.0,"{""high"":2}","[""252600"",""253504""]"
external_literature_review_required,aloe ferox,1,0.25,4.0,"{""high"":1}","[""267819""]"
external_literature_review_required,ampelopsin,2,0.25,9.0,"{""high"":2}","[""241759"",""255593""]"
external_literature_review_required,angelica sinensis,1,0.25,5.0,"{""high"":1}","[""241701""]"
external_literature_review_required,arginine alpha ketoglutarate,1,0.25,4.0,"{""high"":1}","[""302709""]"
external_literature_review_required,baikal skullcap,1,0.25,5.0,"{""high"":1}","[""269316""]"
external_literature_review_required,benolea,1,0.25,4.0,"{""high"":1}","[""328278""]"
external_literature_review_required,chaste tree fruit extract,2,0.25,7.0,"{""high"":2}","[""293930"",""295504""]"
external_literature_review_required,contam ginkgolic acid,1,0.25,4.0,"{""high"":1}","[""328464""]"
external_literature_review_required,d phenylalanine,1,0.25,5.0,"{""high"":1}","[""269337""]"
external_literature_review_required,flower pollen,1,0.25,5.0,"{""high"":1}","[""328752""]"
external_literature_review_required,genistein,1,0.25,4.0,"{""high"":1}","[""82306""]"
external_literature_review_required,heart health probiotic,1,0.25,4.0,"{""high"":1}","[""328803""]"
external_literature_review_required,keraglo,1,0.25,4.0,"{""high"":1}","[""302683""]"
external_literature_review_required,lyc o mato lycopene,2,0.25,6.0,"{""high"":2}","[""1832"",""224633""]"
external_literature_review_required,nicotinamide riboside,1,0.25,5.0,"{""high"":1}","[""62969""]"
external_literature_review_required,naringin,4,0.2,12.0,"{""high"":4}","[""252693"",""253997"",""253999"",""254000""]"
evidence_exists_identity_or_linkage_failed,INGR_BERBERINE,1,0.175,6.0,"{""moderate"":1}","[""337255""]"
evidence_exists_identity_or_linkage_failed,INGR_CREATINE_MONOHYDRATE,1,0.175,10.0,"{""moderate"":1}","[""74586""]"
evidence_exists_identity_or_linkage_failed,INGR_MILK_THISTLE,1,0.175,7.0,"{""moderate"":1}","[""336352""]"
evidence_exists_identity_or_linkage_failed,PRECLIN_RESVERATROL,1,0.175,9.0,"{""moderate"":1}","[""302705""]"
external_literature_review_required,acacia catechu wood bark extract and chinese skullcap root extract,2,0.175,7.0,"{""low"":1,""moderate"":1}","[""220275"",""243676""]"
external_literature_review_required,acerola,1,0.175,5.0,"{""moderate"":1}","[""329658""]"
external_literature_review_required,alpha cyclodextrin,1,0.175,5.0,"{""moderate"":1}","[""232041""]"
external_literature_review_required,angelica gigas,2,0.175,7.0,"{""high"":1,""moderate"":1}","[""62339"",""231711""]"
external_literature_review_required,apple pectin,2,0.175,6.0,"{""moderate"":2}","[""44252"",""214463""]"
external_literature_review_required,arjuna,1,0.175,5.0,"{""moderate"":1}","[""328307""]"
external_literature_review_required,ayuric terminalia bellerica extract,2,0.175,6.0,"{""moderate"":2}","[""232098"",""232487""]"
external_literature_review_required,barley beta glucan,1,0.175,5.0,"{""moderate"":1}","[""59950""]"
external_literature_review_required,beetroot powder,1,0.175,4.0,"{""moderate"":1}","[""241722""]"
external_literature_review_required,benolea olive olea europaea extract,1,0.175,5.0,"{""moderate"":1}","[""59537""]"
external_literature_review_required,black galingale,1,0.175,5.0,"{""moderate"":1}","[""328566""]"
external_literature_review_required,black tea extract,1,0.175,5.0,"{""moderate"":1}","[""231780""]"
external_literature_review_required,blessed thistle,1,0.175,5.0,"{""moderate"":1}","[""251522""]"
external_literature_review_required,calcium d glucarate,1,0.175,5.0,"{""moderate"":1}","[""183962""]"
external_literature_review_required,caprylic acid,1,0.175,4.0,"{""moderate"":1}","[""268535""]"
external_literature_review_required,cassia seed,1,0.175,5.0,"{""moderate"":1}","[""330533""]"
external_literature_review_required,cherrypure tart cherry prunus cerasus extract,1,0.175,5.0,"{""moderate"":1}","[""58997""]"
external_literature_review_required,cistanche,1,0.175,5.0,"{""moderate"":1}","[""315597""]"
external_literature_review_required,coleus forskohlii root,1,0.175,4.0,"{""moderate"":1}","[""242820""]"
external_literature_review_required,diosmin 95,1,0.175,5.0,"{""moderate"":1}","[""59055""]"
external_literature_review_required,english lavender,2,0.175,7.0,"{""moderate"":2}","[""79520"",""333708""]"
external_literature_review_required,evening primrose,2,0.175,6.0,"{""moderate"":2}","[""182885"",""182887""]"
external_literature_review_required,fruit juice concentrates,2,0.175,8.0,"{""moderate"":2}","[""294323"",""294324""]"
external_literature_review_required,fucoidan,1,0.175,4.0,"{""moderate"":1}","[""302659""]"
external_literature_review_required,hyssop,1,0.175,5.0,"{""moderate"":1}","[""243048""]"
external_literature_review_required,inositol hexaphosphate,1,0.175,5.0,"{""moderate"":1}","[""293986""]"
external_literature_review_required,kanna sceletium,1,0.175,5.0,"{""moderate"":1}","[""270734""]"
external_literature_review_required,maritech 926 wild harvested patagonian wakame 100 water extraction,1,0.175,5.0,"{""moderate"":1}","[""231926""]"
external_literature_review_required,mojave yucca,2,0.175,6.0,"{""moderate"":2}","[""54646"",""229998""]"
external_literature_review_required,white oak,1,0.175,5.0,"{""moderate"":1}","[""79598""]"
external_literature_review_required,ajuga turkestanica,1,0.125,7.0,"{""high"":1}","[""315702""]"
external_literature_review_required,bergamot orange,1,0.125,10.0,"{""high"":1}","[""286147""]"
external_literature_review_required,beta ecdysterone,1,0.125,9.0,"{""high"":1}","[""315594""]"
external_literature_review_required,caffeoyl derivatives,1,0.125,10.0,"{""high"":1}","[""288774""]"
external_literature_review_required,capsaicin,1,0.125,7.0,"{""high"":1}","[""328728""]"
external_literature_review_required,certified organic noni fruit extract,1,0.125,8.0,"{""high"":1}","[""2255""]"
external_literature_review_required,chaste tree berry extract,1,0.125,7.0,"{""high"":1}","[""229852""]"
external_literature_review_required,ginseng,1,0.125,7.0,"{""high"":1}","[""218883""]"
external_literature_review_required,hereditum lc40 lactobacillus fermentum cect5716,1,0.125,9.0,"{""high"":1}","[""206314""]"
external_literature_review_required,holixer,1,0.125,7.0,"{""high"":1}","[""315648""]"
external_literature_review_required,maqui,1,0.125,7.0,"{""high"":1}","[""232478""]"
external_literature_review_required,puncture vine fruit extract,1,0.125,7.0,"{""high"":1}","[""315701""]"
external_literature_review_required,purple tea,1,0.125,7.0,"{""high"":1}","[""182690""]"
external_literature_review_required,raspberry ketones,1,0.125,6.0,"{""high"":1}","[""330405""]"
external_literature_review_required,rye flower pollen extract,1,0.125,7.0,"{""high"":1}","[""278261""]"
external_literature_review_required,rye flower secale cereale extract,1,0.125,7.0,"{""high"":1}","[""187515""]"
external_literature_review_required,white willow bark,1,0.125,7.0,"{""high"":1}","[""328089""]"
external_literature_review_required,tremella fuciformis,3,0.105,11.0,"{""moderate"":3}","[""330082"",""330083"",""330084""]"
external_literature_review_required,7 herb proprietary blend,2,0.1,7.0,"{""low"":2}","[""327953"",""332914""]"
external_literature_review_required,kidney bladder blend,1,0.1,4.0,"{""low"":1}","[""333753""]"
external_literature_review_required,nha stevia,1,0.1,4.0,"{""low"":1}","[""293280""]"
external_literature_review_required,ora cranberry fruit extract blend,2,0.1,18.0,"{""high"":2}","[""208549"",""208560""]"
external_literature_review_required,ac 11,1,0.0875,8.0,"{""moderate"":1}","[""213690""]"
external_literature_review_required,achiote extract,1,0.0875,8.0,"{""moderate"":1}","[""213740""]"
external_literature_review_required,avocado,1,0.0875,7.0,"{""moderate"":1}","[""312652""]"
external_literature_review_required,beef gelatin pure,1,0.0875,10.0,"{""moderate"":1}","[""326258""]"
external_literature_review_required,benegut perilla extract,1,0.0875,7.0,"{""moderate"":1}","[""59603""]"
external_literature_review_required,bile extract,1,0.0875,10.0,"{""moderate"":1}","[""307560""]"
external_literature_review_required,bonolive,1,0.0875,8.0,"{""moderate"":1}","[""209382""]"
external_literature_review_required,chinese skullcap,1,0.0875,6.0,"{""moderate"":1}","[""63581""]"
external_literature_review_required,d glucuronolactone powder,1,0.0875,7.0,"{""moderate"":1}","[""294981""]"
external_literature_review_required,elderberries,1,0.0875,6.0,"{""moderate"":1}","[""317022""]"
external_literature_review_required,err 731 siberian rhubarb rheum rhaponticum l extract,1,0.0875,7.0,"{""moderate"":1}","[""232725""]"
external_literature_review_required,healthy joint proprietary blend,1,0.0875,7.0,"{""moderate"":1}","[""231904""]"
external_literature_review_required,hydrangea,1,0.0875,6.0,"{""moderate"":1}","[""259453""]"
external_literature_review_required,lyophilized liver,1,0.0875,8.0,"{""moderate"":1}","[""214950""]"
external_literature_review_required,octacosanol,1,0.0875,10.0,"{""moderate"":1}","[""214704""]"
external_literature_review_required,organic shiitake mushroom,1,0.0875,6.0,"{""moderate"":1}","[""223536""]"
external_literature_review_required,perilla oil,1,0.0875,7.0,"{""moderate"":1}","[""299734""]"
external_literature_review_required,raw yucca powder,1,0.0875,10.0,"{""moderate"":1}","[""216409""]"
external_literature_review_required,red raspberry,1,0.0875,7.0,"{""moderate"":1}","[""54559""]"
external_literature_review_required,ribonucleic acid,1,0.0875,6.0,"{""moderate"":1}","[""231631""]"
external_literature_review_required,unidentified:224704,1,0.0875,6.0,"{""moderate"":1}","[""224704""]"
external_literature_review_required,unidentified:224706,1,0.0875,6.0,"{""moderate"":1}","[""224706""]"
external_literature_review_required,unidentified:224707,1,0.0875,6.0,"{""moderate"":1}","[""224707""]"
external_literature_review_required,unidentified:333715,1,0.0875,10.0,"{""moderate"":1}","[""333715""]"
external_literature_review_required,wheat germ oil,1,0.0875,8.0,"{""moderate"":1}","[""218849""]"
external_literature_review_required,yarrow,1,0.0875,6.0,"{""moderate"":1}","[""78550""]"
external_literature_review_required,yellow dock,1,0.0875,7.0,"{""moderate"":1}","[""251879""]"
external_literature_review_required,broad spectrum hemp extract blend,4,0.08,17.0,"{""low"":4}","[""232921"",""232926"",""232928"",""232931""]"
external_literature_review_required,proprietary blend non nutrient non botanical,4,0.08,13.0,"{""low"":4}","[""18201"",""204294"",""204295"",""256129""]"
evidence_exists_identity_or_linkage_failed,INGR_DIGESTIVE_ENZYMES,1,0.07,23.0,"{""moderate"":1}","[""269428""]"
evidence_exists_identity_or_linkage_failed,PRECLIN_SHILAJIT_GENERIC,1,0.07,14.0,"{""moderate"":1}","[""307734""]"
external_literature_review_required,bis beta carboxyethyl germanium sesquioxide,2,0.07,19.0,"{""moderate"":2}","[""200891"",""212022""]"
external_literature_review_required,bovine colostrum,2,0.07,11.0,"{""moderate"":2}","[""75208"",""269405""]"
external_literature_review_required,proprietary blend herb botanical,3,0.06,14.0,"{""low"":3}","[""15698"",""64382"",""74064""]"
external_literature_review_required,6 fiber proprietary blend,1,0.05,7.0,"{""low"":1}","[""287495""]"
external_literature_review_required,alaska blueberry,1,0.05,8.0,"{""low"":1}","[""328294""]"
external_literature_review_required,bimuno galactooligosaccharides,1,0.05,10.0,"{""low"":1}","[""18453""]"
external_literature_review_required,bioperine piperine,1,0.05,9.0,"{""low"":1}","[""59829""]"
external_literature_review_required,blend enzyme,1,0.05,15.0,"{""high"":1}","[""322514""]"
external_literature_review_required,carnitine,1,0.05,19.0,"{""high"":1}","[""67304""]"
external_literature_review_required,colostrum,1,0.05,15.0,"{""high"":1}","[""307574""]"
external_literature_review_required,ecklonia cava,1,0.05,12.0,"{""high"":1}","[""203152""]"
external_literature_review_required,essential mushroom blend,1,0.05,9.0,"{""low"":1}","[""315685""]"
external_literature_review_required,ex stress blend,1,0.05,9.0,"{""low"":1}","[""251578""]"
external_literature_review_required,garcinia cambogia,1,0.05,12.0,"{""high"":1}","[""201051""]"
external_literature_review_required,guggul,1,0.05,16.0,"{""high"":1}","[""25029""]"
external_literature_review_required,herbal blend,1,0.05,9.0,"{""low"":1}","[""80295""]"
external_literature_review_required,kava kava,1,0.05,12.0,"{""high"":1}","[""255598""]"
external_literature_review_required,probiotic complex blend non nutrient non botanical,1,0.05,8.0,"{""low"":1}","[""65931""]"
external_literature_review_required,proprietary blend dietary substance used by man to supplement the diet by increasing the total dietary intake,1,0.05,7.0,"{""low"":1}","[""63293""]"
external_literature_review_required,proprietary oral probiotic,1,0.05,12.0,"{""high"":1}","[""82389""]"
external_literature_review_required,silent night blend,1,0.05,9.0,"{""low"":1}","[""212555""]"
external_literature_review_required,tart cherry,1,0.05,8.0,"{""low"":1}","[""326285""]"
external_literature_review_required,theacrine,1,0.05,12.0,"{""high"":1}","[""241951""]"
external_literature_review_required,bio active probiotic complex,2,0.04,11.0,"{""low"":2}","[""239227"",""308218""]"
external_literature_review_required,change o life blend,2,0.04,11.0,"{""low"":2}","[""184497"",""199530""]"
external_literature_review_required,mobile ease proprietary blend,2,0.04,25.0,"{""low"":2}","[""182401"",""232720""]"
external_literature_review_required,organic apple cider vinegar diet blend,2,0.04,14.0,"{""low"":2}","[""243356"",""273799""]"
external_literature_review_required,sleep blend,2,0.04,15.0,"{""low"":2}","[""267341"",""267342""]"
reference_or_mechanism_only,INGR_PHOSPHORUS,2,0.04,14.0,"{""high"":2}","[""214601"",""214602""]"
external_literature_review_required,7 keto,1,0.035,16.0,"{""moderate"":1}","[""304613""]"
external_literature_review_required,add colloidal silver,1,0.035,18.0,"{""moderate"":1}","[""241744""]"
external_literature_review_required,arnica,1,0.035,17.0,"{""moderate"":1}","[""294491""]"
external_literature_review_required,bacillus coagulans,1,0.035,15.0,"{""moderate"":1}","[""327398""]"
external_literature_review_required,black pepper,1,0.035,17.0,"{""moderate"":1}","[""278548""]"
external_literature_review_required,brand complex descriptor,1,0.035,13.0,"{""moderate"":1}","[""60794""]"
external_literature_review_required,catnip,1,0.035,13.0,"{""moderate"":1}","[""39523""]"
external_literature_review_required,dhea,1,0.035,15.0,"{""moderate"":1}","[""272664""]"
external_literature_review_required,eatless peptide complex,1,0.035,21.0,"{""moderate"":1}","[""232080""]"
external_literature_review_required,essential amino acids,1,0.035,15.0,"{""moderate"":1}","[""312894""]"
external_literature_review_required,extra virgin olive oil,1,0.035,15.0,"{""moderate"":1}","[""855""]"
external_literature_review_required,glycine max,1,0.035,11.0,"{""moderate"":1}","[""9171""]"
external_literature_review_required,go less powder blend,1,0.035,24.0,"{""moderate"":1}","[""2512""]"
external_literature_review_required,neumentix phenolic complex k110 42,1,0.035,25.0,"{""moderate"":1}","[""232839""]"
external_literature_review_required,optimized fucoxanthin slim blend,1,0.035,20.0,"{""moderate"":1}","[""64368""]"
external_literature_review_required,proprietary enzymatically modified rice bran,1,0.035,13.0,"{""moderate"":1}","[""328601""]"
external_literature_review_required,tea trio r blend,1,0.035,22.0,"{""moderate"":1}","[""28548""]"
external_literature_review_required,tremella fruiting body extract,1,0.035,11.0,"{""moderate"":1}","[""330085""]"
external_literature_review_required,unidentified:213831,1,0.035,14.0,"{""moderate"":1}","[""213831""]"
external_literature_review_required,unidentified:327974,1,0.035,14.0,"{""moderate"":1}","[""327974""]"
external_literature_review_required,wild oregano blend herb botanical,1,0.035,11.0,"{""moderate"":1}","[""79381""]"
external_literature_review_required,advanced energy blend,1,0.02,14.0,"{""low"":1}","[""66957""]"
external_literature_review_required,aloelax blend,1,0.02,13.0,"{""low"":1}","[""337239""]"
external_literature_review_required,antioxidant fruit blend,1,0.02,13.0,"{""low"":1}","[""28531""]"
external_literature_review_required,bioflavonoid complex non nutrient non botanical,1,0.02,14.0,"{""low"":1}","[""173708""]"
external_literature_review_required,blend,1,0.02,22.0,"{""low"":1}","[""69501""]"
external_literature_review_required,blend pump,1,0.02,22.0,"{""low"":1}","[""259891""]"
external_literature_review_required,bone flesh cartilage blend,1,0.02,15.0,"{""low"":1}","[""184493""]"
external_literature_review_required,botanical comfort blend,1,0.02,17.0,"{""low"":1}","[""79431""]"
external_literature_review_required,diet 360 r holistic weight loss blend,1,0.02,12.0,"{""low"":1}","[""28484""]"
external_literature_review_required,echinacea goldenseal blend,1,0.02,19.0,"{""low"":1}","[""62116""]"
external_literature_review_required,esberitox blend,1,0.02,19.0,"{""low"":1}","[""293273""]"
external_literature_review_required,extract blend,1,0.02,16.0,"{""low"":1}","[""293272""]"
external_literature_review_required,fenu thyme blend,1,0.02,13.0,"{""low"":1}","[""333745""]"
external_literature_review_required,fungal defense enzyme balance blend,1,0.02,24.0,"{""low"":1}","[""275343""]"
external_literature_review_required,garcinia indica,1,0.02,11.0,"{""low"":1}","[""232731""]"
external_literature_review_required,garden veggies powder blend,1,0.02,12.0,"{""low"":1}","[""327968""]"
external_literature_review_required,garlic parsley blend,1,0.02,11.0,"{""low"":1}","[""251594""]"
external_literature_review_required,has original blend,1,0.02,11.0,"{""low"":1}","[""80243""]"
external_literature_review_required,icariin,1,0.02,12.0,"{""low"":1}","[""328643""]"
external_literature_review_required,joint health herb blend,1,0.02,19.0,"{""low"":1}","[""31996""]"
external_literature_review_required,lowat proprietary blend of,1,0.02,13.0,"{""low"":1}","[""245963""]"
external_literature_review_required,mood probiotic blend,1,0.02,19.0,"{""low"":1}","[""62998""]"
external_literature_review_required,non nutrient non botanical blend,1,0.02,16.0,"{""low"":1}","[""82602""]"
external_literature_review_required,ora acv blend,1,0.02,16.0,"{""low"":1}","[""256371""]"
external_literature_review_required,orchard fruits powder blend,1,0.02,12.0,"{""low"":1}","[""328005""]"
external_literature_review_required,organic bitter blend,1,0.02,26.0,"{""low"":1}","[""285635""]"
external_literature_review_required,organic extramel superoxide dismutase sod french melon fruit concentrate,1,0.02,26.0,"{""low"":1}","[""232942""]"
external_literature_review_required,organic saffron stigma extract,1,0.02,25.0,"{""low"":1}","[""232933""]"
external_literature_review_required,proprietary blend herb boranical,1,0.02,26.0,"{""low"":1}","[""232084""]"
external_literature_review_required,proprietary blend metabolite constituent extract isolate or combination of these,1,0.02,18.0,"{""low"":1}","[""40037""]"
external_literature_review_required,raw exotic fruit blend,1,0.02,13.0,"{""low"":1}","[""321362""]"
